objectUID,a_tool,a_toy,an_animal,cold,dangerous,decorative,eaten_in_summer,edible,electrical,expensive,fast,flies,found_on_walls,fragile,fun,hand_held,hard,has_peel,has_shelves,heavy,hot,large,light_weight,lives_in_water,loud,man_made,pairs,produces_noise,requires_gasoline,sharp,shiny,slimy,smelly,smooth,squishy,swims,tall,unhealthy,used_by_children,used_for_cleaning,used_for_cooking,used_for_eating,used_for_holding_things,used_for_killing,used_for_music,used_for_transportation,wet,words_on_it,worn_for_warmth,worn_on_feet
accordion,1,1,0,0,0,0,0,0,0,1,0,0,0,0,1,1,0,0,0,1,0,1,-2,0,1,1,0,1,0,0,-2,0,0,0,-2,0,0,0,-2,0,0,0,0,0,1,0,0,0,0,0
airplane,0,0,0,0,0,0,0,0,1,1,1,1,0,-2,0,0,1,0,0,1,-2,1,0,0,1,1,0,1,1,0,1,0,0,1,0,0,1,0,0,0,0,0,-2,0,0,1,0,1,0,0
alligator,0,0,1,1,1,0,0,-2,0,0,1,0,0,0,0,0,1,0,0,1,0,1,0,1,0,0,0,-2,0,1,-2,1,1,-2,0,1,0,0,0,0,0,-2,0,0,0,0,1,0,0,0
ambulance,-2,0,0,0,0,0,0,0,0,1,1,0,0,0,0,0,1,0,-2,1,0,1,0,0,1,1,0,1,1,0,1,0,0,1,0,0,1,0,0,0,0,0,0,0,0,1,0,1,0,0
anchor,1,0,0,1,0,0,0,0,0,0,0,0,0,0,0,0,1,0,0,1,0,1,0,0,0,1,0,0,0,0,-2,0,0,1,0,0,0,0,0,0,0,0,0,0,0,0,1,0,0,0
ant,0,0,-2,0,0,0,0,0,0,0,0,0,0,0,0,-2,0,0,0,0,-2,0,1,0,0,0,0,0,0,0,0,-2,0,0,-2,0,0,0,0,0,0,0,0,0,0,0,0,0,0,0
apartment,0,0,0,-2,0,0,0,0,1,1,0,0,0,0,0,0,0,0,1,-2,1,1,0,0,0,1,0,0,0,0,0,0,0,0,0,0,0,0,0,0,0,0,1,0,0,0,0,-2,0,0
apple,0,0,0,0,0,0,1,1,0,0,0,0,0,0,0,1,1,1,0,0,0,0,1,0,0,0,0,0,0,0,1,0,0,1,0,0,0,0,-2,0,0,1,0,0,0,0,0,0,0,0
apron,1,0,0,0,0,0,0,0,0,0,0,0,0,0,0,0,0,0,0,0,0,0,1,0,0,1,0,0,0,0,0,0,0,1,0,0,0,0,0,-2,1,0,0,0,0,0,1,1,0,0
armour,-2,0,0,-2,0,1,0,0,0,1,0,0,0,0,0,0,1,0,0,1,-2,-2,0,0,-2,1,0,-2,0,0,1,0,0,1,0,0,0,0,0,0,0,0,0,0,0,0,0,0,-2,0
ashtray,0,0,0,0,0,-2,0,0,0,0,0,0,0,0,0,0,1,0,0,0,-2,0,-2,0,0,1,0,0,0,0,1,0,1,1,0,0,0,0,0,0,0,0,1,0,0,0,0,0,0,0
asparagus,0,0,0,1,0,0,1,1,0,0,0,0,0,0,0,1,0,0,0,0,0,0,1,0,0,0,1,0,0,0,0,1,0,1,1,0,0,0,0,0,0,1,0,0,0,0,0,0,0,0
avocado,0,0,0,0,0,0,1,1,0,0,0,0,0,0,0,1,1,1,0,0,0,0,1,0,0,0,0,0,0,0,0,0,0,1,0,0,0,0,0,0,0,1,0,0,0,0,0,0,0,0
axe,1,0,0,0,1,0,0,0,0,0,0,0,0,0,0,1,1,0,0,1,0,0,0,0,-2,1,0,-2,0,1,-2,0,0,1,0,0,0,0,0,0,0,0,0,0,0,0,0,0,0,0
backpack,0,0,0,0,0,0,0,0,0,0,0,0,0,0,0,0,0,0,0,0,0,0,1,0,0,1,0,0,0,0,0,0,0,0,0,0,0,0,1,0,0,0,1,0,0,0,0,0,0,0
bag,0,0,0,0,0,0,0,0,0,0,0,0,0,0,0,1,0,0,0,0,0,0,1,0,0,1,0,0,0,0,0,0,0,-2,0,0,0,0,0,0,0,0,1,0,0,0,0,-2,0,0
bagpipe,0,0,0,0,0,0,0,0,0,1,0,0,0,-2,-2,-2,0,0,0,1,0,-2,1,0,1,1,0,1,0,0,0,0,0,0,-2,0,-2,0,0,0,0,0,0,0,1,0,0,0,0,0
ball,0,1,0,0,0,0,0,0,0,0,0,0,0,0,1,1,0,0,0,0,0,0,1,0,0,1,0,0,0,0,1,0,0,1,0,0,0,0,1,0,0,0,0,0,0,0,0,0,0,0
balloon,0,1,0,0,0,1,0,0,0,0,0,1,0,1,1,1,0,0,0,0,0,0,1,0,0,1,0,0,0,0,1,0,0,1,0,0,0,0,1,0,0,0,0,0,0,0,0,0,0,0
banana,0,0,0,0,0,0,1,1,0,0,0,0,0,0,0,1,0,1,0,0,0,0,1,0,0,0,0,0,0,0,0,0,0,1,1,0,0,0,1,0,0,1,0,0,0,0,0,0,0,0
banjo,0,0,0,0,0,0,0,0,0,-2,0,0,0,-2,1,1,1,0,0,0,0,0,1,0,1,1,0,1,0,0,0,0,0,-2,0,0,0,0,0,0,0,0,0,0,1,0,0,0,0,0
banner,0,0,0,0,0,1,0,0,0,0,0,-2,1,0,-2,0,0,0,0,0,0,-2,0,0,0,1,0,0,0,0,1,0,0,1,0,0,0,0,0,0,0,0,0,0,0,0,0,1,0,0
barn,0,0,0,-2,0,0,0,0,-2,1,0,0,0,0,-2,0,-2,0,-2,-2,-2,1,0,0,0,1,0,0,0,0,0,0,-2,0,0,0,1,0,0,0,0,0,-2,0,0,0,0,0,0,0
barrel,-2,0,0,0,0,-2,0,0,0,-2,0,0,0,-2,0,0,1,0,0,1,0,1,0,0,0,1,0,0,0,0,0,0,-2,-2,0,0,0,0,0,0,0,0,1,0,0,0,-2,-2,0,0
baseball_bat,0,0,0,0,1,0,0,0,0,0,0,0,0,0,1,1,1,0,0,0,0,0,1,0,0,1,0,0,0,0,-2,0,0,1,0,0,0,0,1,0,0,0,0,0,0,0,0,0,0,0
baseball_glove,0,0,0,0,0,0,0,0,0,0,0,0,0,0,1,1,1,0,0,0,0,0,1,0,0,1,0,0,0,0,0,0,-2,1,0,0,0,0,1,0,0,0,-2,0,0,0,0,-2,0,0
basement,0,0,0,1,0,0,0,0,1,-2,0,0,0,0,1,0,0,0,1,1,0,1,0,0,0,1,0,0,0,0,0,0,1,0,0,0,0,0,0,0,0,0,0,0,0,0,0,0,0,0
basket,0,0,0,0,0,1,0,0,0,0,0,0,0,0,0,-2,-2,0,0,0,0,0,1,0,0,1,0,0,0,0,0,0,0,0,0,0,0,0,0,0,0,0,1,0,0,0,0,0,0,0
bathtub,0,0,0,1,0,0,0,0,0,1,0,0,0,0,0,0,1,0,0,1,1,1,0,0,-2,1,0,1,0,0,1,0,0,1,0,0,0,0,1,-2,0,0,-2,0,0,0,1,0,0,0
baton,-2,-2,0,0,1,0,0,0,0,0,0,0,0,0,-2,1,1,0,0,0,0,0,1,0,0,1,0,0,0,0,0,0,0,1,0,0,0,0,1,0,0,0,0,0,0,0,0,0,0,0
bayonet,1,0,0,-2,-2,0,0,0,0,0,0,0,0,0,0,1,-2,0,0,0,0,0,1,0,0,1,0,0,0,1,1,0,0,0,0,0,0,0,0,0,0,0,0,1,0,0,0,0,0,0
bazooka,0,0,0,0,1,0,0,0,0,1,0,0,0,0,0,-2,1,0,0,1,0,1,0,0,1,1,0,1,0,0,0,0,0,1,0,0,0,0,0,0,0,0,0,1,0,0,0,0,0,0
beans,0,0,0,0,0,0,0,1,0,0,0,0,0,0,0,0,0,0,0,0,-2,0,1,0,0,0,1,0,0,0,0,0,0,-2,-2,0,0,0,0,0,0,1,0,0,0,0,-2,0,0,0
bear,0,0,1,0,1,0,0,0,0,0,0,0,0,0,0,0,0,0,0,1,0,1,0,0,1,0,0,1,0,0,0,0,-2,0,0,1,1,0,0,0,0,0,0,0,0,0,-2,0,0,0
beaver,0,0,1,-2,0,0,0,0,0,0,1,0,0,0,0,0,0,0,0,0,0,0,0,1,0,0,0,1,0,0,0,0,1,0,0,1,0,0,0,0,0,0,0,0,0,0,1,0,0,0
bed,0,0,0,0,0,0,0,0,0,1,0,0,0,0,0,0,0,0,0,1,0,1,0,0,0,1,0,0,0,0,0,0,0,1,0,0,0,0,1,0,0,0,0,0,0,0,0,0,0,0
bedroom,0,0,0,0,0,-2,0,0,1,0,0,0,0,0,0,0,0,0,1,0,1,1,0,0,0,1,0,0,0,0,0,0,0,0,0,0,0,0,1,0,0,0,1,0,0,0,0,0,0,0
beehive,0,0,0,0,1,0,0,0,0,0,0,0,0,1,0,0,-2,0,0,0,1,0,1,0,-2,0,0,-2,0,0,0,0,0,0,0,0,0,0,0,0,0,0,1,0,0,0,0,0,0,0
beetle,0,0,-2,0,0,0,0,0,0,0,0,-2,0,0,0,0,0,0,0,0,0,0,1,0,0,0,0,-2,0,0,0,0,0,0,0,0,0,0,0,0,0,0,0,0,0,0,0,0,0,0
beets,0,0,0,0,0,0,-2,1,0,0,0,0,0,0,0,1,1,-2,0,0,0,0,1,0,0,0,-2,0,0,0,0,1,0,1,0,0,0,0,0,0,0,1,0,0,0,0,1,0,0,0
belt,0,0,0,0,0,1,0,0,0,0,0,0,0,0,0,0,0,0,0,0,0,0,1,0,0,1,0,0,0,0,0,0,0,1,0,0,0,0,0,0,0,0,1,0,0,0,0,0,0,0
bench,0,0,0,-2,0,-2,0,0,0,-2,0,0,0,0,0,0,1,0,0,1,0,1,0,0,0,1,0,0,0,0,0,0,0,1,0,0,0,0,1,0,0,0,0,0,0,0,0,0,0,0
bicycle,0,-2,0,0,0,0,0,0,0,-2,1,0,0,0,1,0,1,0,0,-2,0,-2,0,0,0,1,0,-2,0,0,1,0,0,1,0,0,0,0,1,0,0,0,0,0,0,1,0,1,0,0
bike,0,1,0,-2,0,0,0,0,0,-2,1,0,0,0,1,0,1,0,0,-2,0,1,0,0,0,1,0,-2,0,0,-2,0,0,-2,0,0,0,0,1,0,0,0,0,0,0,1,0,0,0,0
bird,0,0,1,0,0,0,0,0,0,0,1,1,0,0,0,0,0,0,0,0,-2,0,1,0,1,0,0,1,0,0,0,0,0,-2,0,0,0,-2,0,0,0,0,0,0,0,0,-2,0,0,0
biscuit,0,0,0,-2,0,0,1,1,0,0,0,0,0,1,0,1,0,0,0,0,1,0,1,0,0,1,1,0,0,0,0,0,0,-2,0,0,0,0,0,0,0,1,0,0,0,0,0,0,0,0
bison,0,0,1,1,1,0,0,0,0,0,1,0,0,0,0,0,0,0,0,1,0,1,0,0,0,0,0,1,0,0,0,0,1,0,0,0,-2,0,0,0,0,0,0,0,0,0,-2,0,0,0
blender,-2,0,0,-2,0,0,0,0,1,0,-2,0,0,0,0,0,-2,0,0,0,0,0,0,0,1,1,0,1,0,1,1,0,0,-2,0,0,0,0,0,0,1,-2,0,0,0,0,1,-2,0,0
blouse,0,0,0,0,0,0,0,0,0,0,0,0,0,0,0,0,0,0,0,0,0,0,1,0,0,1,0,0,0,0,0,0,0,1,0,0,0,0,0,0,0,0,0,0,0,0,0,0,0,0
blueberry,0,0,0,-2,0,0,1,1,0,0,0,0,0,-2,0,-2,0,0,0,0,0,0,1,0,0,0,-2,0,0,0,0,-2,-2,1,1,0,0,0,-2,0,0,1,0,0,0,0,1,0,0,0
boat,0,0,0,0,0,0,0,0,0,1,1,0,0,0,1,0,1,0,0,1,0,1,0,1,1,1,0,1,-2,0,-2,-2,0,1,0,0,-2,0,0,0,0,0,-2,0,0,1,1,-2,0,0
bolts,-2,0,0,0,0,0,0,0,0,0,0,0,-2,0,0,1,1,0,0,0,0,0,1,0,0,1,0,0,0,0,-2,0,0,1,0,0,0,0,0,0,0,0,-2,0,0,0,0,0,0,0
bomb,-2,0,0,0,1,0,0,0,0,1,-2,0,0,0,0,1,1,0,0,1,1,1,0,0,1,1,0,1,0,0,0,0,0,0,0,0,0,0,0,0,0,0,0,1,0,0,0,0,0,0
book,1,0,0,0,0,1,0,0,0,0,0,0,1,0,1,1,1,0,0,0,0,0,1,0,0,1,0,0,0,0,0,0,0,1,0,0,0,0,1,0,0,0,0,0,0,0,0,1,0,0
bookcase,0,0,0,0,0,1,0,0,0,1,0,0,1,0,0,0,1,0,1,1,0,1,0,0,0,1,0,0,0,0,0,0,0,-2,0,0,1,0,-2,0,0,0,1,0,0,0,0,0,0,0
boots,0,0,0,0,0,0,0,0,0,-2,0,0,0,0,0,0,-2,0,0,0,0,0,-2,0,0,1,1,0,0,0,0,0,-2,1,0,0,0,0,-2,0,0,0,0,0,0,-2,-2,1,1,1
bottle,0,0,0,1,0,0,0,0,0,0,0,0,0,1,0,1,1,0,0,0,0,0,1,0,0,1,0,0,0,0,1,0,0,1,0,0,0,0,-2,0,0,-2,1,0,0,0,-2,-2,0,0
bouquet,0,0,0,0,0,1,0,0,0,-2,0,0,0,-2,-2,1,0,0,0,0,0,0,1,1,0,1,0,0,0,0,0,0,1,0,0,0,0,-2,0,0,0,0,0,0,0,0,1,0,0,0
bowl,1,0,0,0,0,1,0,0,0,0,0,0,0,1,0,1,1,0,0,0,1,0,1,0,0,1,1,0,0,0,1,0,0,1,0,0,0,0,1,1,1,1,1,0,0,0,0,0,0,0
box,-2,-2,0,-2,0,-2,0,0,0,0,0,0,0,1,0,1,-2,0,0,-2,0,-2,1,0,0,1,0,0,0,0,0,0,0,1,0,0,0,0,0,0,0,0,1,0,0,0,0,1,0,0
bra,-2,0,0,0,0,-2,0,0,0,-2,0,0,0,0,0,0,0,0,0,0,0,0,1,0,0,1,0,0,0,0,0,0,0,1,0,0,0,0,0,0,0,0,-2,0,0,0,-2,-2,1,0
bracelet,0,0,0,0,0,1,0,0,0,-2,0,0,0,0,-2,-2,1,0,0,0,0,0,1,0,0,1,0,0,0,0,1,0,0,1,0,0,0,0,0,0,0,0,0,0,0,0,0,0,0,0
bread,0,0,0,1,0,0,1,1,0,0,0,0,0,0,0,1,0,0,0,0,1,0,1,0,0,1,0,0,0,0,0,0,0,1,1,0,0,0,1,0,0,1,0,0,0,0,0,0,0,0
brick,0,0,0,0,0,-2,0,0,0,0,0,0,1,0,0,1,1,0,0,1,0,0,0,0,0,1,0,0,0,0,0,0,0,0,0,0,0,0,0,0,0,0,0,0,0,0,1,0,0,0
bridge,0,0,0,0,0,0,0,0,0,1,0,0,0,0,0,0,1,0,0,1,0,1,0,0,0,1,0,0,0,0,0,0,0,0,0,0,1,0,0,0,0,0,0,0,0,1,1,0,0,0
broccoli,0,0,0,1,0,0,1,1,0,0,0,0,0,-2,0,-2,0,0,0,0,0,0,1,0,0,0,0,0,0,0,0,0,1,0,0,0,0,0,0,0,0,1,0,0,0,0,0,0,0,0
broom,1,0,0,0,0,0,0,0,0,0,0,0,1,0,0,1,1,0,0,0,0,-2,1,0,0,1,0,-2,0,0,0,0,0,0,0,0,1,0,0,1,0,0,0,0,0,0,0,0,0,0
brush,1,0,0,0,0,0,0,0,0,0,0,0,0,0,0,1,1,0,0,0,0,0,1,0,0,1,0,1,0,0,0,0,0,0,0,0,0,0,0,1,0,0,0,0,0,0,0,0,0,0
bucket,1,-2,0,0,0,0,0,0,0,0,0,0,0,0,0,1,1,0,0,0,0,0,1,0,0,1,0,0,0,0,0,0,0,1,0,0,0,0,0,0,0,0,1,0,0,0,1,0,0,0
buckle,1,0,0,0,0,0,0,0,0,0,0,0,0,0,0,1,1,0,0,0,1,0,1,0,0,1,0,0,0,0,1,0,0,1,0,0,0,0,0,0,0,0,1,0,0,0,0,0,0,0
buffalo,0,0,1,-2,0,0,-2,1,0,1,-2,0,0,0,0,0,0,0,0,1,-2,1,0,0,0,0,0,1,0,0,0,0,1,0,0,-2,1,0,0,0,0,0,0,0,0,0,1,0,0,0
buggy,-2,0,0,0,0,0,0,0,0,1,0,0,0,0,0,0,1,0,0,0,0,-2,1,0,0,1,0,0,0,0,0,0,0,1,0,0,0,0,1,0,0,0,1,0,0,1,0,0,0,0
building,0,0,0,1,0,1,0,0,1,1,0,0,0,0,0,0,1,0,1,1,1,1,0,0,0,1,0,0,0,0,-2,0,0,1,0,0,1,0,0,0,0,0,-2,0,0,0,0,1,0,0
bull,0,0,1,0,1,0,0,1,0,-2,1,0,0,0,0,0,0,0,0,1,-2,1,0,0,0,0,0,1,0,0,0,0,1,0,0,0,1,0,0,0,0,0,0,0,0,0,0,0,0,0
bullet,0,0,0,0,1,0,0,0,0,1,1,0,0,0,0,1,1,0,0,0,1,1,1,0,1,1,-2,1,0,0,1,0,0,1,0,0,0,0,0,0,0,0,0,1,0,0,0,-2,0,0
bungalow,0,0,0,0,0,0,0,0,1,1,0,0,0,0,0,0,-2,0,1,1,-2,1,0,0,0,1,0,0,0,0,0,0,0,-2,0,0,0,0,-2,0,0,0,-2,0,0,0,-2,0,0,0
bureau,-2,0,0,0,0,0,0,0,-2,-2,0,0,0,0,0,0,-2,0,1,-2,0,1,0,0,0,1,0,0,0,0,-2,0,0,1,0,0,0,0,-2,0,0,0,1,0,0,0,0,0,0,0
bus,0,0,0,1,1,0,0,0,1,1,0,0,0,0,0,0,1,0,0,1,-2,1,0,0,1,1,0,1,1,0,-2,0,-2,1,0,0,1,0,1,0,0,0,-2,0,0,1,0,1,0,0
butterfly,0,0,1,0,0,-2,0,0,0,0,-2,1,0,1,0,0,0,0,0,0,0,0,1,0,0,0,0,0,0,0,0,0,0,1,0,0,0,0,0,0,0,0,0,0,0,0,0,0,0,0
cabbage,0,0,0,-2,0,0,-2,1,0,0,0,0,0,0,0,-2,-2,0,0,0,0,-2,1,0,0,0,0,0,0,0,0,0,0,-2,0,0,0,0,0,0,0,1,0,0,0,0,-2,0,0,0
cabin,0,0,0,-2,0,-2,0,0,-2,-2,0,0,0,0,-2,0,1,0,1,1,-2,-2,0,0,0,1,0,0,0,0,0,0,0,0,0,0,1,0,0,0,0,0,-2,0,0,0,-2,0,0,0
cabinet,0,0,0,1,0,1,0,0,0,1,0,0,1,0,0,0,1,0,1,1,0,1,0,0,0,1,1,1,0,0,1,0,0,1,0,0,0,0,0,0,0,0,1,0,0,0,0,0,0,0
cage,0,0,0,0,0,0,0,0,0,0,0,0,0,0,0,0,1,0,0,1,0,1,0,0,0,1,0,0,0,0,-2,0,0,1,0,0,0,0,0,0,0,0,1,0,0,0,0,0,0,0
cake,0,0,0,-2,0,-2,1,1,0,-2,0,0,0,-2,1,0,0,0,0,0,-2,0,1,0,0,1,0,0,0,0,0,0,0,-2,1,0,0,-2,-2,0,0,1,0,0,0,0,0,0,0,0
calf,0,0,1,0,0,0,0,1,0,0,0,0,0,0,0,0,0,0,0,1,0,0,0,0,0,0,0,1,0,0,0,0,1,-2,0,0,0,0,0,0,0,1,0,0,0,0,0,0,0,0
camel,0,0,1,-2,0,0,-2,-2,0,-2,-2,0,0,0,0,0,0,0,0,1,1,1,0,0,-2,0,0,1,0,0,0,0,1,1,0,-2,1,0,0,0,0,0,0,0,0,1,-2,0,0,0
camisole,0,0,0,0,0,1,0,0,0,0,0,0,0,0,0,-2,0,0,0,0,0,0,1,0,0,1,0,0,0,0,0,0,0,1,0,0,0,0,0,0,0,0,0,0,0,0,0,-2,1,0
candle,1,0,0,0,1,1,0,0,0,0,0,0,0,0,0,0,1,0,0,0,1,0,1,0,0,1,0,0,0,0,0,0,-2,1,0,0,0,0,0,0,0,0,0,0,0,0,0,0,0,0
cannon,0,0,0,0,1,0,0,0,0,1,0,0,0,0,0,0,1,0,0,1,1,1,0,0,1,1,0,1,0,0,1,0,0,1,0,0,1,0,0,0,0,0,0,1,0,0,0,0,0,0
canoe,-2,0,0,0,0,0,0,0,0,-2,0,0,0,0,1,0,-2,0,0,1,0,1,0,1,0,1,0,0,0,0,0,0,0,1,0,0,0,0,0,0,0,0,-2,0,0,1,1,0,0,0
cantaloupe,0,0,0,0,0,0,1,1,0,0,0,0,0,0,0,1,1,1,0,0,0,0,-2,0,0,-2,0,0,0,0,0,1,0,0,-2,0,0,0,-2,0,0,1,0,0,0,0,-2,0,0,0
cape,0,0,0,0,0,-2,0,0,0,0,0,0,0,0,-2,0,0,0,0,0,0,0,1,0,0,1,0,-2,0,0,-2,0,0,1,0,0,-2,0,1,0,0,0,0,0,0,0,0,0,-2,0
car,-2,-2,0,1,-2,-2,0,0,1,1,1,0,0,-2,1,0,1,0,0,1,1,1,0,0,1,1,0,1,1,0,1,0,0,1,0,0,0,0,0,0,0,0,1,0,0,1,1,1,0,0
caribou,0,0,1,0,0,0,1,1,0,0,1,0,0,0,0,0,0,0,0,1,0,1,0,0,1,0,0,1,0,0,0,0,1,-2,0,1,1,0,0,0,0,0,0,0,0,0,0,0,0,0
carpet,0,0,0,0,0,1,0,0,0,1,0,0,0,0,0,0,0,0,0,1,0,1,0,0,0,1,0,0,0,0,0,0,0,0,1,0,0,0,1,0,0,0,0,0,0,0,0,0,0,0
carrot,0,0,0,-2,0,0,1,1,0,0,0,0,0,0,0,1,1,-2,0,0,0,0,1,0,0,0,0,0,0,0,0,0,0,-2,0,0,0,0,0,0,0,1,0,0,0,0,0,0,0,0
cart,1,0,0,0,0,0,0,0,0,0,0,0,0,0,0,0,-2,0,0,1,0,1,0,0,0,1,0,1,0,0,1,0,0,0,0,0,0,0,0,0,0,0,1,0,0,1,-2,0,0,0
cat,0,0,1,0,0,0,0,1,0,0,1,0,0,0,1,1,0,0,0,0,0,0,1,0,1,0,0,1,0,0,0,0,0,-2,-2,1,0,0,0,0,0,0,0,0,0,0,0,0,0,0
catapult,1,0,0,0,1,0,0,0,0,1,0,0,0,0,0,0,1,0,0,1,0,1,0,0,0,1,0,1,0,0,0,0,0,-2,0,0,1,0,0,0,0,0,0,1,0,0,0,0,0,0
caterpillar,0,0,1,-1,0,-2,0,0,0,0,0,0,0,1,1,1,0,0,0,0,0,0,1,0,0,0,0,0,0,0,0,-2,0,-2,1,-2,0,-2,0,0,0,0,0,0,0,0,0,0,0,0
cathedral,0,0,0,0,0,1,0,0,1,1,0,0,0,0,0,0,0,0,0,0,0,1,0,0,0,1,0,0,0,0,0,0,0,0,0,0,1,0,0,0,0,0,-2,0,0,0,0,1,0,0
cauliflower,0,0,0,-2,0,0,1,1,0,0,0,0,0,-2,0,1,1,0,0,0,0,0,1,0,0,0,0,0,0,0,0,0,-2,0,0,0,0,0,0,0,0,1,0,0,0,0,0,0,0,0
celery,0,0,0,0,0,0,1,1,0,0,0,0,0,0,0,0,0,0,0,0,0,0,1,0,0,0,0,0,0,0,0,0,0,1,0,0,0,0,0,0,0,1,0,0,0,0,-2,0,0,0
cell_phone,-2,-2,0,0,0,0,0,0,1,1,0,0,0,1,1,1,1,0,0,0,0,0,1,0,-2,1,0,1,0,0,1,0,0,1,0,0,0,1,1,0,0,0,0,0,1,0,0,1,0,0
cellar,0,0,0,1,0,0,0,0,-2,-2,0,0,0,0,0,0,-2,0,-2,-2,0,-2,0,0,0,1,0,0,0,0,0,0,1,-2,0,0,0,0,0,0,0,0,1,0,0,0,-2,0,0,0
cello,1,0,0,0,0,0,0,0,0,1,0,0,0,-2,1,-2,1,0,0,1,0,1,0,0,1,1,0,1,0,0,0,0,0,1,0,0,-2,0,-2,0,0,0,0,0,1,0,0,0,0,0
certificate,0,0,0,0,0,-2,0,0,0,1,0,0,1,1,0,-2,0,0,0,0,0,0,1,0,0,1,0,0,0,0,0,0,0,1,0,0,0,0,0,0,0,0,0,0,0,0,0,1,0,0
chain,1,0,0,1,0,0,0,0,0,0,0,0,0,0,0,1,1,0,0,1,0,1,0,0,0,1,0,1,0,0,1,0,0,-2,0,0,-2,0,0,0,0,0,-2,0,0,0,0,0,0,0
chair,0,0,0,0,0,-2,0,0,0,-2,0,0,0,0,0,0,1,0,0,1,0,1,1,0,0,1,1,0,0,0,0,0,0,1,0,0,0,0,1,0,0,0,0,0,0,0,0,0,0,0
chandelier,0,0,0,0,0,1,0,0,1,1,0,0,-2,1,0,0,1,0,0,1,0,1,0,0,0,1,0,0,0,0,1,0,0,-2,0,0,-2,0,0,0,0,0,0,0,0,0,0,0,0,0
chapel,0,0,0,1,0,1,0,0,1,-2,0,0,0,0,-2,0,0,0,-2,1,0,1,0,0,0,1,0,0,0,0,-2,0,0,0,0,0,1,0,0,0,0,0,-2,0,-2,0,0,-2,0,0
cheese,0,0,0,1,0,0,1,1,0,0,0,0,0,-2,-2,-2,0,-2,0,0,0,0,1,0,0,1,0,0,0,0,0,-2,1,1,1,0,0,1,-2,0,-2,1,0,0,0,0,0,0,0,0
cheetah,0,0,1,0,1,0,0,0,0,0,1,0,0,0,0,0,0,0,0,1,0,1,0,0,1,0,0,1,0,0,0,0,-2,-2,0,0,0,0,0,0,0,0,0,-2,0,0,0,0,0,0
cherry,0,0,0,0,0,0,1,1,0,0,0,0,0,1,0,1,0,0,0,0,0,0,1,0,0,0,1,0,0,0,1,0,0,1,1,0,0,0,1,0,1,1,0,0,0,0,0,0,0,0
chicken,0,0,1,-2,0,0,-2,1,0,0,-2,-2,0,-2,0,0,0,0,0,0,-2,0,-2,0,1,0,0,1,0,0,0,0,-2,0,-2,0,0,0,0,0,0,-2,0,0,0,0,0,0,0,0
chimp,0,0,1,0,-2,0,0,0,0,-2,1,0,0,0,0,0,0,0,0,1,0,-2,0,0,1,0,0,1,0,0,0,0,1,0,0,0,0,0,0,0,0,0,0,0,0,0,0,0,0,0
chipmunk,0,0,1,0,0,0,0,0,0,0,1,0,0,1,0,0,0,0,0,0,0,0,1,0,0,0,0,1,0,0,0,0,-2,-2,1,0,0,-2,0,0,0,0,0,0,0,0,-2,0,0,0
chisel,1,0,0,0,0,0,0,0,0,0,0,0,0,0,0,1,1,0,0,0,0,0,-2,0,0,1,0,0,0,1,1,0,0,1,0,0,0,0,0,0,0,0,0,0,0,0,0,-2,0,0
church,0,0,0,0,0,1,0,0,1,0,0,0,0,0,0,0,0,0,0,1,0,1,0,0,0,1,0,1,0,0,0,0,0,0,0,0,1,0,-2,0,0,0,-2,0,-2,0,0,1,0,0
cigar,0,0,0,0,1,0,0,0,0,1,0,0,0,1,1,1,0,0,0,0,1,0,1,0,0,1,0,0,0,0,0,0,1,1,0,0,0,0,0,0,0,0,0,0,0,0,0,0,0,0
cigarette,0,0,0,0,1,0,0,0,0,1,0,0,0,1,0,1,0,0,0,0,1,0,1,0,0,1,0,0,0,0,0,0,1,1,-2,0,0,0,0,0,0,0,0,0,0,0,0,0,0,0
clam,0,0,1,1,0,0,1,1,0,1,0,0,0,-2,0,1,0,0,0,0,0,0,1,1,0,0,0,0,0,0,-2,1,1,1,-2,1,0,0,0,0,0,1,0,0,0,0,1,0,0,0
clamp,1,0,0,0,-2,0,0,0,0,0,0,0,0,0,0,1,1,0,0,0,0,0,-2,0,0,1,0,0,0,0,1,0,0,1,0,0,0,0,0,0,0,0,1,0,0,0,0,-2,0,0
clarinet,0,0,0,0,0,0,0,0,0,-2,0,0,0,-2,-2,1,1,0,0,0,0,0,1,0,1,1,0,1,0,0,1,0,0,1,0,0,0,0,-2,0,0,0,0,0,1,0,0,0,0,0
cloak,0,0,0,0,0,1,0,0,0,-2,0,0,0,0,0,0,0,0,0,0,0,-2,1,0,0,1,0,0,0,0,0,0,0,1,0,0,-2,0,-2,0,0,0,0,0,0,0,0,0,1,0
clock,1,0,0,0,0,1,0,0,1,0,0,0,1,-2,0,0,1,0,0,0,0,0,1,0,0,1,0,1,0,0,1,0,0,1,0,0,0,0,1,0,1,0,0,0,0,0,0,0,0,0
closet,0,0,0,0,0,0,0,0,0,0,0,0,0,0,0,0,0,0,1,0,-2,0,0,0,0,1,0,0,0,0,0,0,0,0,0,0,1,0,1,0,0,0,1,0,0,0,0,0,0,0
coat,0,0,0,0,0,-2,0,0,0,-2,0,0,0,0,0,0,0,0,0,-2,0,-2,1,0,0,1,0,0,0,0,0,0,0,-2,0,0,0,0,1,0,0,0,0,0,0,0,-2,-2,1,0
cockroach,0,0,1,-2,-2,0,0,0,0,0,1,0,1,-2,0,-2,1,0,0,0,0,0,1,0,0,0,-2,0,0,0,1,0,0,0,1,-2,0,0,0,0,0,0,0,0,0,0,0,0,0,0
coconut,0,0,0,0,0,1,1,1,0,0,0,0,0,0,0,1,1,0,0,0,0,0,-2,0,0,0,0,0,0,0,0,0,0,0,0,0,0,0,0,0,0,1,0,0,0,0,-2,0,0,0
coin,-2,0,0,0,0,-2,0,0,0,0,0,0,0,0,-2,1,1,0,0,0,0,0,1,0,0,1,0,0,0,0,1,0,0,-2,0,0,0,0,0,0,0,0,0,0,0,0,0,1,0,0
colander,1,0,0,0,0,0,0,0,0,0,0,0,0,0,0,1,1,0,0,0,0,0,-2,0,0,1,0,0,0,0,1,0,0,1,0,0,0,0,0,0,1,0,1,0,0,0,-2,0,0,0
comb,1,0,0,0,0,0,0,0,0,0,0,0,0,0,0,1,1,0,0,0,0,0,1,0,0,1,0,0,0,0,-2,0,0,1,0,0,0,0,1,0,0,0,0,0,0,0,-2,-2,0,0
cork,1,0,0,0,0,0,0,0,0,0,0,0,0,-2,0,1,1,0,0,0,0,0,1,0,0,1,0,0,0,0,0,0,0,1,-2,0,0,0,0,0,0,0,-2,0,0,0,1,0,0,0
corkscrew,1,0,0,0,0,0,0,0,0,0,0,0,0,0,0,1,1,0,0,0,0,0,1,0,0,1,0,0,0,1,1,0,0,1,0,0,0,0,0,0,-2,0,0,0,0,0,0,0,0,0
corn,0,0,0,0,0,-2,1,1,0,0,0,0,0,0,0,1,1,1,0,0,0,0,1,0,0,0,0,0,0,0,0,0,0,0,0,0,0,0,0,0,0,1,0,0,0,0,0,0,0,0
cottage,0,0,0,0,0,0,0,0,1,-2,0,0,0,0,1,0,1,0,-2,1,-2,0,0,0,0,1,0,0,0,0,0,0,0,0,0,0,-2,0,0,0,0,0,0,0,0,0,0,0,0,0
couch,0,0,0,0,0,-2,0,0,0,1,0,0,0,0,0,0,0,0,0,1,0,1,0,0,0,1,-2,0,0,0,0,0,0,-2,-2,0,0,0,1,0,0,0,0,0,0,0,0,0,0,0
cougar,0,0,1,1,1,0,0,0,0,0,1,0,0,0,0,0,0,0,0,1,0,1,0,0,1,0,0,1,0,0,0,0,0,1,0,1,0,0,0,0,0,0,0,0,0,0,0,0,0,0
cow,0,0,1,0,0,0,1,1,0,1,0,0,0,0,0,0,0,0,0,1,0,1,0,0,-2,0,0,1,0,0,0,0,-2,0,0,0,-2,0,0,0,0,1,0,0,0,0,0,0,0,0
coyote,0,0,1,0,1,0,0,-2,0,0,1,0,0,0,0,0,0,0,0,-2,0,-2,0,0,1,0,-2,1,0,0,0,0,-2,-2,0,-2,0,0,0,0,0,0,0,0,0,0,0,0,0,0
crab,0,0,1,-2,-2,0,-2,1,0,0,0,0,0,0,0,-2,1,0,0,0,0,0,0,1,0,0,0,-2,0,-2,-2,-2,0,1,0,1,0,0,0,0,0,0,0,0,0,0,1,0,0,0
cranberry,0,0,0,-2,0,0,1,1,0,0,0,0,0,0,0,1,0,1,0,0,0,0,1,0,0,0,0,0,0,0,0,0,0,1,1,0,0,0,0,0,0,1,0,0,0,0,0,0,0,0
crayon,0,1,0,0,0,0,0,0,0,0,0,0,0,1,1,1,1,0,0,0,0,0,1,0,0,1,0,0,0,0,0,0,0,1,0,0,0,0,1,0,0,0,0,0,0,0,0,1,0,0
crocodile,0,0,1,0,1,0,0,0,0,0,-2,0,0,0,0,0,1,0,0,1,0,1,0,1,0,0,0,-2,0,-2,0,-2,-2,-2,0,1,0,0,0,0,0,-2,0,-2,0,0,1,0,0,0
crossbow,-2,0,0,0,1,0,0,0,0,1,1,0,0,0,-2,1,1,0,0,-2,0,-2,-2,0,0,1,0,1,0,1,0,0,0,0,0,0,0,0,0,0,0,0,0,1,0,0,0,-2,0,0
crow,0,0,1,-2,0,0,0,0,0,0,1,1,0,0,0,0,0,0,0,0,0,0,-2,0,1,0,-2,1,0,0,0,0,-2,-2,0,0,0,0,0,0,0,0,0,0,0,0,0,0,0,0
crowbar,1,0,0,0,0,0,0,0,0,0,0,0,0,0,0,1,1,0,0,0,0,0,1,0,0,1,0,0,0,0,1,0,0,1,0,0,0,0,0,0,0,0,0,0,0,0,0,0,0,0
crown,0,-2,0,0,0,1,0,0,0,1,0,0,0,-2,0,-2,1,0,0,-2,0,-2,1,0,0,1,0,0,0,0,1,0,0,-2,0,0,0,0,0,0,0,0,0,0,0,0,0,0,0,0
cucumber,0,0,0,1,0,0,1,1,0,0,0,0,0,-2,0,1,1,0,0,0,0,1,1,0,0,0,0,0,0,0,-2,0,0,1,0,0,0,0,0,0,0,1,0,0,0,0,-2,0,0,0
cup,1,0,0,0,0,-2,0,0,0,0,0,0,0,-2,0,1,1,0,0,0,-2,0,1,0,0,1,-2,0,0,0,-2,0,0,1,0,0,0,0,1,-2,-2,-2,1,0,0,0,1,0,0,0
cupboard,-2,0,0,0,0,-2,0,0,0,-2,0,0,1,0,0,0,1,0,1,1,0,1,0,0,0,1,-2,-2,0,0,0,0,0,-2,0,0,0,0,0,0,0,0,1,0,0,0,0,0,0,0
curtains,0,0,0,0,0,1,0,0,0,-2,0,0,1,0,0,0,0,0,0,0,0,-2,1,0,0,1,1,0,0,0,0,0,0,1,0,0,-2,0,0,0,0,0,0,0,0,0,0,0,0,0
cushion,0,0,0,0,0,1,0,0,0,0,0,0,0,0,0,0,0,0,0,0,0,0,1,0,0,1,0,0,0,0,0,0,0,0,1,0,0,0,1,0,0,0,0,0,0,0,0,0,0,0
dagger,0,0,0,0,1,0,0,0,0,0,0,0,0,0,0,1,1,0,0,0,0,0,1,0,0,1,0,0,0,1,1,0,0,1,0,0,0,0,0,0,0,0,0,1,0,0,0,0,0,0
dandelion,0,0,0,0,0,1,0,0,0,0,0,0,0,1,0,0,0,0,0,0,0,0,1,0,0,0,0,0,0,0,0,0,-2,0,-2,0,0,0,-2,0,0,0,0,0,0,0,-2,0,0,0
deer,0,0,1,-1,0,0,1,1,0,0,1,0,-1,0,0,0,0,0,0,1,0,1,0,0,-2,0,-2,1,0,0,0,0,0,1,0,-2,-2,0,0,0,0,1,0,0,0,0,0,0,0,0
desk,-2,0,0,0,0,0,0,0,0,-2,0,0,0,0,0,0,1,0,1,1,0,1,0,0,0,1,0,0,0,0,1,0,0,1,0,0,1,0,1,0,0,0,1,0,0,0,0,0,0,0
dining_table,-2,0,0,0,0,1,0,0,0,1,0,0,0,0,0,0,1,0,0,1,0,1,0,0,0,1,0,0,0,0,1,0,0,1,0,0,0,0,1,0,0,1,1,0,0,0,0,0,0,0
dish,0,0,0,1,0,-2,0,0,0,0,0,0,0,1,0,-2,1,0,0,0,-2,0,1,0,0,1,-2,0,0,0,1,0,0,1,0,0,0,0,-2,0,0,1,1,0,0,0,1,0,0,0
dishwasher,1,0,0,0,0,0,0,0,1,1,0,0,0,0,0,0,1,0,-2,1,1,1,0,0,-2,1,0,1,0,0,1,0,-2,-2,0,0,0,0,0,1,0,0,-2,0,0,0,1,-2,0,0
dog,0,0,1,-2,0,0,0,0,0,-2,1,0,0,0,1,-2,0,0,0,1,0,-2,-2,0,1,0,0,1,0,0,0,0,1,-2,0,1,0,0,-2,0,0,0,0,0,0,0,-2,0,0,0
doll,0,1,0,0,0,1,0,0,0,-2,0,0,0,0,1,1,-2,0,0,0,0,0,1,0,0,1,-2,0,0,0,0,0,0,0,0,0,0,0,1,0,0,0,0,0,0,0,0,0,0,0
dolphin,0,0,1,-2,0,0,0,0,0,-2,1,0,0,0,-2,0,0,0,0,1,0,1,0,1,-2,0,0,1,0,0,1,1,1,1,-2,1,0,0,0,0,0,0,0,0,0,0,1,0,0,0
donkey,0,0,1,1,0,0,0,0,0,1,0,0,0,0,0,0,0,0,0,1,0,1,0,0,1,0,0,1,0,0,0,0,1,0,0,0,1,0,0,0,0,0,0,0,0,0,0,0,0,0
donut,0,0,0,1,0,0,1,1,0,0,0,0,0,-2,1,1,0,0,0,0,-2,0,1,0,0,1,1,0,0,0,0,-2,-2,1,1,0,0,1,-2,0,0,1,0,0,0,0,0,0,0,0
door,0,0,0,0,0,0,0,0,0,1,0,0,1,0,0,0,1,0,0,1,0,1,0,0,0,1,0,1,0,0,0,0,0,1,0,0,1,0,1,0,0,0,0,0,0,0,0,0,0,0
doorknob,1,0,0,1,0,0,0,0,0,0,0,0,0,0,0,1,1,0,0,0,0,0,-2,0,0,1,0,0,0,0,1,0,0,1,0,0,0,0,-2,0,0,0,0,0,0,0,0,-2,0,0
dove,0,0,1,0,0,0,0,1,0,0,1,1,0,0,0,0,0,0,0,0,0,0,1,0,0,0,0,1,0,0,0,0,0,-2,0,0,0,0,0,0,0,0,0,0,0,0,0,0,0,0
drain,-2,0,0,0,0,0,0,0,0,0,0,0,0,0,0,0,-2,0,0,0,0,-2,-2,0,-2,1,0,-2,0,0,-2,1,1,1,0,0,0,0,-2,-2,0,0,0,0,0,0,1,0,0,0
drapes,0,0,0,0,0,1,0,0,0,-2,0,0,1,0,0,0,0,0,0,-2,0,-2,1,0,0,1,1,0,0,0,0,0,0,1,0,0,1,0,0,0,0,0,0,0,0,0,0,0,0,0
dress,0,0,0,0,0,1,0,0,0,0,0,0,0,0,0,0,0,0,0,0,0,0,1,0,0,1,0,0,0,0,-2,0,0,-2,-1,0,0,0,1,0,0,0,0,0,0,0,0,-1,0,0
dresser,0,0,0,0,0,1,0,0,0,-2,0,0,0,0,0,0,1,0,-2,1,0,1,0,0,0,1,0,0,0,0,-2,0,0,1,0,0,1,0,1,0,0,0,1,0,0,0,0,0,0,0
drill,1,0,0,-2,-2,0,0,0,1,1,1,0,-2,0,0,1,-2,0,0,0,1,0,0,0,1,1,0,1,0,-2,0,0,0,1,0,0,0,0,0,0,0,0,0,0,0,0,0,0,0,0
drum,1,-2,0,0,0,0,0,0,0,1,0,0,0,0,1,0,-2,0,0,1,0,1,-2,0,1,1,0,1,0,0,-2,0,0,1,0,0,0,0,-2,0,0,0,0,0,1,0,0,-2,0,0
duck,0,0,1,-2,0,0,-2,-2,0,0,-2,1,0,0,-2,0,0,0,0,0,0,0,0,-2,-2,0,-2,1,0,0,0,0,0,1,0,1,0,0,0,0,0,0,0,0,0,0,-2,0,0,0
eagle,0,0,1,-2,1,0,0,0,0,0,1,1,0,0,0,0,0,0,0,0,0,1,1,0,1,0,0,1,0,0,0,0,0,0,0,0,0,0,0,0,0,0,0,0,0,0,0,0,0,0
earmuffs,0,0,0,0,0,0,0,0,0,0,0,0,0,0,0,0,0,0,0,0,0,0,1,0,0,1,1,0,0,0,0,0,0,0,1,0,0,0,1,0,0,0,0,0,0,0,1,0,1,0
eel,0,0,1,-2,-2,0,-2,1,0,-2,1,0,0,0,0,0,0,0,0,0,0,-2,1,1,-2,0,0,-2,0,-2,1,1,-2,1,1,1,0,0,0,0,0,1,0,0,0,0,1,0,0,0
eggplant,0,0,0,-2,0,0,1,1,0,0,0,0,0,0,0,-2,-2,1,0,0,0,-2,-2,0,0,0,0,0,0,0,1,0,0,1,0,0,0,0,0,0,0,-2,0,0,0,0,0,0,0,0
elephant,0,0,1,-2,-2,0,0,0,0,-2,0,0,0,0,0,0,0,0,0,1,-2,1,0,0,-2,0,-2,1,0,0,0,0,-2,0,0,0,1,0,0,0,0,0,0,0,0,0,1,0,0,0
elevator,1,0,0,-2,0,0,0,0,1,1,-2,0,0,0,0,0,1,0,0,1,0,1,0,0,-2,1,0,1,0,0,1,0,0,1,0,0,1,0,0,0,0,0,1,0,0,1,0,1,0,0
elk,0,0,1,0,0,1,1,1,0,0,1,0,0,0,0,0,0,0,0,1,0,1,0,0,0,0,0,1,0,0,0,0,1,-2,0,0,1,0,0,0,0,-2,0,0,0,0,-2,0,0,0
emerald,0,0,0,0,0,1,0,0,0,1,0,0,0,0,0,1,1,0,0,0,0,0,1,0,0,0,0,0,0,0,1,0,0,1,0,0,0,0,0,0,0,0,0,0,0,0,0,0,0,0
envelope,1,0,0,0,0,0,0,0,0,0,0,0,0,0,0,1,0,0,0,0,0,0,1,0,0,1,0,0,0,0,0,0,0,1,0,0,0,0,-2,0,0,0,1,0,0,0,0,1,0,0
escalator,1,0,0,0,0,0,0,0,1,1,1,0,0,0,1,0,0,0,0,1,0,1,0,0,0,1,1,1,0,0,-2,0,0,-2,0,0,1,0,-2,0,0,0,-2,0,0,1,0,-2,0,0
falcon,0,0,1,0,-2,0,0,0,0,0,1,1,0,0,0,0,0,0,0,0,0,-2,1,0,1,0,0,1,0,-2,0,0,0,0,0,0,0,0,0,0,0,0,0,0,0,0,0,0,0,0
faucet,0,0,0,1,0,0,0,0,0,1,0,0,0,0,0,0,1,0,0,0,0,0,1,0,0,1,0,-2,0,0,1,0,0,1,0,0,0,0,1,1,-2,0,0,0,0,0,1,0,0,0
fawn,0,0,1,-2,0,0,0,-2,0,0,1,0,0,0,0,0,0,0,0,-2,0,0,-2,0,0,0,0,-2,0,0,0,0,-2,-2,0,0,0,0,0,0,0,0,0,0,0,0,0,0,0,0
fence,-2,0,0,-2,0,-2,0,0,0,1,0,0,0,0,0,0,1,0,0,1,0,1,0,0,0,1,0,0,0,0,0,0,0,1,0,0,1,0,0,0,0,0,0,0,0,0,1,0,0,0
fire_hydrant,1,0,0,-2,0,0,0,0,0,-2,-2,0,0,0,0,0,1,0,0,1,0,0,0,0,0,1,0,-2,0,0,0,0,0,0,0,0,0,0,0,0,0,0,0,0,0,0,1,0,0,0
flamingo,0,0,1,0,0,1,0,0,0,0,1,1,0,0,0,0,0,0,0,0,0,0,0,1,0,0,0,0,0,0,0,0,0,0,0,0,1,0,0,0,0,0,0,0,0,0,1,0,0,0
flea,0,0,1,0,-2,0,0,0,0,0,-2,0,0,-2,0,0,0,0,0,0,0,0,1,0,0,0,0,0,0,0,0,0,0,0,-2,0,0,0,0,0,0,0,0,0,0,0,0,0,0,0
flute,1,0,0,0,0,0,0,0,0,1,0,0,0,-2,1,1,1,0,0,0,0,0,1,0,1,1,0,1,0,0,1,0,0,1,0,0,0,0,-2,0,0,0,0,0,1,0,0,0,0,0
football,0,1,0,0,0,0,0,0,0,0,0,0,0,0,1,1,0,0,0,0,0,0,1,0,0,1,0,0,0,0,0,0,0,0,0,0,0,0,1,0,0,0,0,0,0,0,-2,1,0,0
fork,1,0,0,0,0,0,0,0,0,0,0,0,0,0,0,1,1,0,0,0,0,0,1,0,0,1,0,0,0,1,1,0,0,1,0,0,0,-2,1,0,1,1,1,0,0,0,0,0,0,0
fox,0,0,1,-2,-2,0,0,0,0,0,1,0,0,0,0,0,0,0,0,0,0,0,0,0,0,0,0,1,0,0,0,0,1,0,0,-2,0,-1,0,0,0,0,0,0,0,0,0,0,0,0
freezer,1,0,0,1,-2,0,0,0,1,1,0,0,0,0,0,0,1,0,1,1,0,1,0,0,-2,1,0,1,0,0,0,0,0,1,0,0,0,0,0,0,0,0,1,0,0,0,0,0,0,0
fridge,-2,0,0,1,0,-2,0,0,1,1,0,0,0,0,0,0,1,0,1,1,0,1,0,0,0,1,0,1,0,0,1,0,0,1,0,0,1,0,1,0,-2,-2,1,0,0,0,1,1,0,0
frisbee,0,1,0,0,0,1,0,0,0,0,1,1,0,0,1,1,0,0,0,0,0,0,1,0,0,1,0,0,0,0,0,0,0,1,0,0,0,0,1,0,0,0,0,0,0,0,-2,1,0,0
frog,0,0,1,-2,0,0,0,1,0,0,1,0,0,1,-2,-2,0,0,0,0,0,0,1,1,1,0,0,1,0,0,1,1,1,1,1,1,0,0,0,0,0,0,0,0,0,0,1,0,0,0
garage,0,0,0,1,0,0,0,0,1,1,0,0,0,0,0,0,1,0,1,1,-2,1,0,0,0,1,0,0,0,0,0,0,-2,-2,0,0,-2,0,0,0,0,0,1,0,0,0,0,0,0,0
garlic,0,0,0,0,0,0,1,1,0,0,0,0,0,0,0,-2,-2,1,0,0,0,0,1,0,0,0,0,0,0,0,0,0,1,1,0,0,0,0,0,0,-2,1,0,0,0,0,0,0,0,0
gate,0,0,0,0,0,-2,0,0,-2,1,0,0,0,0,0,0,1,0,0,1,0,1,0,0,0,1,0,-2,0,0,0,0,0,1,0,0,1,0,0,0,0,0,0,0,0,0,0,0,0,0
giraffe,0,0,1,0,0,0,0,0,0,0,1,0,0,0,0,0,0,0,0,1,0,1,0,0,0,0,0,1,0,0,0,0,-2,-2,0,0,1,0,0,0,0,0,0,0,0,0,-2,0,0,0
gloves,0,0,0,0,0,0,0,0,0,0,0,0,0,0,0,1,0,0,0,0,0,0,1,0,0,1,1,0,0,0,0,0,0,0,0,0,0,0,0,1,0,0,-2,0,0,0,0,0,1,0
goat,0,0,1,-2,0,0,0,1,0,0,0,0,0,0,0,0,0,0,0,-2,0,0,0,0,-2,0,0,1,0,0,0,0,1,-2,0,0,0,0,0,0,0,-2,0,0,0,0,-2,0,0,0
goldfish,0,0,-2,0,0,0,0,-2,0,0,0,0,0,-2,1,0,0,0,0,0,0,0,1,1,0,0,0,0,0,0,1,1,-2,1,1,1,0,0,0,0,0,0,0,0,0,0,1,0,0,0
goose,0,0,1,0,0,0,-2,1,0,0,-2,1,0,0,0,0,0,0,0,0,0,0,1,1,1,0,0,1,0,0,0,0,0,-2,0,1,0,0,0,0,0,0,0,0,0,0,1,0,0,0
gopher,0,0,1,-2,0,0,0,1,0,0,1,0,0,0,0,0,0,0,0,0,-2,0,1,0,0,0,0,1,0,0,0,0,0,0,0,0,0,0,0,0,0,0,0,0,0,0,-2,0,0,0
gorilla,0,1,1,0,1,0,0,0,0,0,1,0,0,0,0,0,0,0,0,1,0,1,0,0,1,0,0,1,0,0,0,0,1,0,0,1,-2,0,0,0,0,0,0,0,0,0,0,0,0,0
gown,0,0,0,0,0,-2,0,0,0,-2,0,0,0,-2,0,0,0,0,0,0,0,-2,1,0,0,1,0,0,0,0,-2,0,0,1,0,0,0,0,0,0,0,0,0,0,0,0,0,0,-2,0
grape,0,0,0,0,0,0,1,1,0,0,0,0,0,0,0,1,0,1,0,0,0,0,1,0,0,0,0,0,0,0,0,0,0,1,0,0,0,0,1,0,0,1,0,0,0,0,1,0,0,0
grapefruit,0,0,0,1,0,0,1,1,0,0,0,0,0,0,0,1,1,1,0,0,0,0,1,0,0,0,0,0,0,0,-2,-2,0,1,1,0,0,0,0,0,-2,1,0,0,0,0,0,0,0,0
grasshopper,0,0,1,0,0,0,0,-2,0,0,1,-2,0,1,0,-2,0,0,0,0,0,0,1,0,-2,0,0,1,0,0,0,0,0,-2,-2,0,0,0,0,0,0,0,0,0,0,0,0,0,0,0
grater,1,0,0,0,0,0,0,0,0,0,0,0,0,0,0,1,1,0,0,0,0,0,-2,0,0,1,0,0,0,1,1,0,0,-2,0,0,0,0,0,0,1,0,0,0,0,0,-2,0,0,0
grenade,0,0,0,0,1,0,0,0,0,0,0,0,0,0,0,1,1,0,0,0,1,0,1,0,1,1,0,1,0,0,0,0,0,0,0,0,0,0,0,0,0,0,0,1,0,0,0,0,0,0
groundhog,0,0,1,-2,0,0,0,0,0,0,1,0,0,0,0,0,0,0,0,0,0,0,0,0,0,0,0,0,0,0,0,0,1,0,0,-2,0,0,0,0,0,0,0,0,0,0,0,0,0,0
guitar,0,0,0,0,0,0,0,0,0,1,0,0,0,-2,1,1,1,0,0,0,0,0,1,0,1,1,0,1,0,0,1,0,0,1,0,0,-2,0,-2,0,0,0,0,0,1,0,0,-2,0,0
gun,0,0,0,0,1,0,0,0,0,1,0,0,0,0,0,1,1,0,0,-2,-2,0,-2,0,1,1,0,1,0,0,-2,0,0,1,0,0,0,0,0,0,0,0,0,1,0,0,0,-2,0,0
hair_drier,1,0,0,-2,0,0,0,0,1,0,0,0,0,0,-2,1,1,0,0,0,1,0,1,0,1,1,0,1,0,0,1,0,0,1,0,0,0,0,1,0,0,0,0,0,0,0,1,1,0,0
hammer,1,0,0,0,-2,0,0,0,0,0,0,0,0,0,0,1,1,0,0,-2,0,0,0,0,0,1,0,-2,0,0,0,0,0,1,0,0,0,0,0,0,0,0,0,0,0,0,0,0,0,0
hamster,0,0,1,0,0,0,0,0,0,0,1,0,0,-2,1,1,0,0,0,0,0,0,1,0,0,0,0,-2,0,0,0,0,-2,-2,0,0,0,0,-2,0,0,0,0,0,0,0,0,0,0,0
handbag,0,0,0,0,0,0,0,0,0,0,0,0,0,0,0,1,0,0,0,0,0,0,1,0,0,1,0,0,0,0,0,0,0,1,-2,0,0,0,0,0,0,0,1,0,0,0,0,-2,0,0
hare,0,0,1,1,0,0,-2,1,0,0,1,0,0,-2,1,-2,0,0,0,0,-2,0,-2,0,0,0,0,0,0,0,0,0,0,0,-2,-2,0,-2,0,0,0,0,0,0,0,0,-2,0,0,0
harmonica,0,-2,0,0,0,0,0,0,0,0,0,0,0,0,1,1,1,0,0,0,0,0,1,0,1,1,0,1,0,0,1,0,0,1,0,0,0,0,1,0,0,0,0,0,1,0,1,1,0,0
harp,0,0,0,0,0,0,0,0,0,1,0,0,0,-2,1,0,1,0,0,1,0,1,0,0,1,1,0,1,0,0,-2,0,0,0,0,0,1,0,0,0,0,0,0,0,1,0,0,0,0,0
harpoon,1,0,0,0,1,0,0,0,0,1,1,0,0,0,1,1,1,0,0,1,0,1,0,0,0,1,0,0,0,1,1,0,0,-2,0,0,-2,0,0,0,0,0,0,1,0,0,1,-2,0,0
harpsichord,-2,0,0,0,0,-2,0,0,0,1,0,0,0,0,1,0,1,0,0,1,0,1,0,0,1,1,0,1,0,0,1,0,0,1,0,0,1,0,0,0,0,0,0,0,1,0,0,0,0,0
hatchet,1,0,0,0,1,0,0,0,0,0,0,0,0,0,0,1,1,0,0,-2,0,0,-2,0,0,1,0,0,0,1,1,0,0,1,0,0,0,0,0,0,0,0,0,0,0,0,0,0,0,0
hawk,0,0,1,-2,0,0,0,-2,0,0,1,1,0,0,-2,0,0,0,0,0,0,-2,0,0,1,0,0,1,0,0,0,0,0,0,0,0,0,0,0,0,0,0,0,0,0,0,0,0,0,0
helicopter,-2,0,0,0,-2,0,0,0,1,1,1,1,0,0,1,0,1,0,0,1,0,1,0,0,1,1,0,1,1,0,1,0,0,0,0,0,1,0,0,0,0,0,0,0,0,1,0,1,0,0
helmet,1,0,0,0,0,0,0,0,0,1,0,0,0,0,0,0,1,0,0,0,0,0,0,0,0,1,0,0,0,0,0,0,0,1,0,0,0,0,1,0,0,0,0,0,0,1,0,1,0,0
hoe,1,0,0,0,0,0,0,0,0,0,0,0,0,0,0,1,1,0,0,0,0,0,-2,0,0,1,0,0,0,1,0,0,0,1,0,0,0,0,0,0,0,0,0,0,0,0,0,0,0,0
honeydew,0,0,0,1,0,0,1,1,0,0,0,0,0,1,-2,1,1,1,0,1,0,1,1,0,0,0,0,0,0,0,0,1,0,1,1,0,0,0,0,0,0,1,0,0,0,0,0,0,0,0
hook,1,0,0,-2,-2,-2,0,0,0,0,0,0,1,0,0,-2,1,0,0,-2,0,-2,1,0,0,1,0,0,0,-2,1,0,0,-2,0,0,0,0,0,0,0,0,1,-2,0,0,-2,0,0,0
hornet,0,0,1,0,1,0,0,0,0,0,1,1,0,1,0,0,0,0,0,0,0,0,1,0,0,0,0,1,0,1,0,0,0,0,-2,0,0,0,0,0,0,0,0,0,0,0,0,0,0,0
horse,0,0,1,1,0,0,0,1,0,1,1,0,0,0,1,0,0,0,0,1,0,1,0,0,1,0,-2,1,0,0,1,0,1,1,0,0,1,0,0,0,0,0,0,0,0,1,0,0,0,0
hose,1,0,0,0,0,0,0,0,0,0,0,0,0,0,1,1,0,0,0,0,-2,1,-2,0,0,1,0,0,0,0,0,0,0,1,0,0,0,0,0,1,0,0,0,0,0,0,1,0,0,0
hot_dog,0,0,0,-2,0,0,1,1,0,0,0,0,0,0,-2,1,0,0,0,0,-2,0,1,0,0,-2,-2,0,0,0,0,0,-2,1,1,0,0,-2,-2,0,0,1,0,0,0,0,0,0,0,0
house,0,0,0,1,0,-2,0,0,1,1,0,0,0,0,0,0,1,0,-2,1,-2,1,0,0,0,1,0,0,0,0,0,0,0,0,0,0,1,0,1,0,0,0,1,0,0,0,1,0,0,0
housefly,0,0,1,0,0,0,0,0,0,0,1,1,-2,1,0,0,0,0,0,0,0,0,1,0,0,0,0,1,0,0,-2,-2,-2,0,-2,0,0,-2,0,0,0,0,0,0,0,0,0,0,0,0
hut,0,0,0,1,0,0,0,0,1,0,0,0,0,0,0,0,1,0,1,1,0,1,0,0,0,1,0,0,0,0,0,0,0,0,0,0,-2,0,-2,0,0,0,-2,0,0,0,-2,0,0,0
hyena,0,0,1,0,1,0,0,0,0,0,1,0,0,0,0,0,0,0,0,0,0,0,0,0,1,0,1,1,0,0,0,0,-2,0,0,1,0,0,0,0,0,0,0,0,0,0,0,0,0,0
iguana,0,0,1,-2,-2,0,0,0,0,-1,-2,0,0,0,0,-2,0,0,0,0,0,-2,-2,-2,-2,0,0,-2,0,0,0,0,-2,-2,-2,-2,0,0,0,0,0,0,0,0,0,0,-2,0,0,0
inn,0,0,0,1,0,0,0,0,1,1,0,0,0,0,0,0,1,0,1,1,0,1,0,0,0,1,0,0,0,0,0,0,0,0,0,0,0,0,0,0,0,0,0,0,0,0,0,-2,0,0
jacket,0,0,0,0,0,-2,0,0,0,-2,0,0,0,0,0,0,0,0,0,0,1,-2,-1,0,0,1,0,0,0,0,0,0,0,1,0,0,0,0,1,0,0,0,0,0,0,0,-2,-2,1,0
jar,0,0,0,0,0,1,0,0,0,0,0,0,0,1,0,1,1,0,0,0,0,0,1,0,0,1,0,0,0,0,0,0,0,1,0,0,0,0,0,0,0,0,1,0,0,0,1,0,0,0
jeans,0,0,0,0,0,-2,0,0,0,0,0,0,0,0,0,0,0,0,0,0,0,0,-2,0,0,1,-2,0,0,0,0,0,0,-2,0,0,0,0,-2,0,0,0,0,0,0,0,0,-2,1,0
jeep,-2,0,0,0,0,0,0,0,-2,1,1,0,0,0,1,0,1,0,0,1,-2,1,0,0,1,1,0,1,1,0,1,0,0,1,0,0,-2,0,0,0,0,0,-2,0,0,1,-2,1,0,0
jet,-2,0,0,0,0,0,0,0,1,1,1,1,0,0,0,0,1,0,0,1,1,1,0,0,1,1,0,1,1,0,1,0,0,1,0,0,1,0,0,0,0,0,1,0,0,1,-2,1,0,0
kettle,1,0,0,0,1,0,0,0,1,0,0,0,0,0,0,1,1,0,0,0,1,0,1,0,0,1,0,1,0,0,1,0,0,1,0,0,0,0,0,0,1,0,1,0,0,0,1,0,0,0
key,1,0,0,0,0,0,0,0,0,0,0,0,0,0,0,1,1,0,0,0,0,0,1,0,0,1,-2,0,0,1,1,0,0,-2,0,0,0,0,0,0,0,0,0,0,0,0,0,-2,0,0
keyboard,1,0,0,0,0,0,0,0,1,1,0,0,0,-2,1,0,1,0,0,0,0,0,1,0,1,1,0,1,0,0,0,0,0,1,0,0,0,0,1,0,0,0,0,0,1,0,0,1,0,0
kite,0,1,0,0,0,-2,0,0,0,0,-2,1,0,1,1,1,0,0,0,0,0,-2,1,0,0,1,0,0,0,0,-2,0,0,1,0,0,0,0,1,0,0,0,0,0,0,0,0,0,0,0
knife,1,0,0,0,1,0,0,0,0,1,0,0,0,0,0,1,1,0,0,0,0,0,1,0,0,1,0,0,0,1,1,0,0,1,0,0,0,0,0,0,1,1,0,0,0,0,-2,0,0,0
ladle,1,0,0,0,0,0,0,0,0,0,0,0,0,0,0,1,1,0,0,0,-2,0,1,0,0,1,0,0,0,0,-2,0,0,1,0,0,0,0,0,0,1,1,1,0,0,0,1,0,0,0
lamb,0,0,1,-2,0,0,-2,1,0,-2,-2,0,0,0,0,0,0,0,0,-2,0,0,0,0,-2,0,0,1,0,0,0,0,1,0,0,-2,0,0,0,0,0,-2,0,0,0,0,0,0,-2,0
lamp,0,0,0,0,-2,1,0,0,1,1,0,0,-2,1,0,0,1,0,0,-2,1,-2,1,0,0,1,0,0,0,0,-2,0,0,1,0,0,-2,0,-2,0,0,0,0,0,0,0,0,-2,0,0
lantern,-2,0,0,0,0,1,0,0,0,0,0,0,-2,-2,0,1,1,0,0,0,1,0,1,0,0,1,0,0,-2,0,1,0,0,1,0,0,0,0,0,0,0,0,0,0,0,0,0,-2,0,0
laptop,1,0,0,0,0,0,0,0,1,1,1,0,0,1,1,1,1,0,0,0,1,0,1,0,0,1,0,1,0,0,-2,0,0,1,0,0,0,0,1,0,0,0,0,0,1,0,0,-2,0,0
lemon,0,0,0,0,0,0,1,1,0,0,0,0,0,0,-2,1,0,1,0,0,0,0,1,0,0,0,0,0,0,0,0,0,0,1,1,0,0,-2,0,0,1,1,0,0,0,0,0,0,0,0
leopard,0,0,1,-2,1,0,0,0,0,0,1,0,0,0,0,0,0,0,0,-2,0,1,0,0,-2,0,0,-2,0,0,0,0,-2,-2,0,0,0,0,0,0,0,0,0,0,0,0,0,0,-2,0
leotards,0,0,0,0,0,0,0,0,0,0,0,0,0,0,-2,0,0,0,0,0,0,0,1,0,0,1,0,0,0,0,-2,0,0,1,1,0,0,0,-2,0,0,0,0,0,0,0,0,0,1,0
lettuce,0,0,0,0,0,0,1,1,0,0,0,0,0,1,0,-2,0,0,0,0,0,0,1,0,0,0,0,0,0,0,0,0,0,0,0,0,0,0,0,0,0,1,0,0,0,0,-2,0,0,0
level,1,0,0,0,0,0,0,0,0,0,0,0,1,0,0,1,1,0,0,0,0,0,1,0,0,1,0,0,0,0,0,0,0,1,0,0,0,0,0,0,0,0,0,0,0,0,0,-2,0,0
lime,0,0,0,0,0,0,1,1,0,0,0,0,0,0,0,1,0,1,0,0,0,0,1,0,0,0,0,0,0,0,1,0,0,1,1,0,0,0,0,0,0,1,0,0,0,0,1,0,0,0
limousine,-2,0,0,0,0,-2,0,0,1,1,1,0,0,0,1,0,1,0,0,1,-2,1,0,0,-2,1,0,1,1,0,1,0,0,1,0,0,-2,0,-2,0,0,0,-2,0,0,1,0,0,0,0
lion,0,0,1,0,1,0,0,0,0,0,1,0,0,0,0,0,0,0,0,1,0,1,0,0,1,0,0,1,0,0,0,0,1,0,0,0,0,0,0,0,0,0,0,0,0,0,0,0,0,0
lobster,0,0,1,0,0,0,1,1,0,1,0,0,0,0,0,1,1,1,0,0,-2,0,1,1,0,0,0,0,0,0,0,-2,1,-2,0,1,0,0,0,0,-2,1,0,0,0,0,1,0,0,0
machete,1,0,0,1,1,-2,0,0,0,0,-1,0,0,0,0,1,1,0,0,0,0,-2,1,0,0,1,0,1,0,1,1,0,0,1,0,0,0,0,0,0,0,0,0,1,0,0,0,0,0,0
magazine,0,0,0,0,0,0,0,0,0,0,0,0,0,1,1,1,0,0,0,0,0,0,1,0,0,1,0,0,0,0,1,0,0,1,0,0,0,0,1,0,0,0,0,0,0,0,0,1,0,0
mandarin,0,0,0,0,0,0,1,1,0,0,0,0,0,0,0,1,0,1,0,0,0,0,1,0,0,0,0,0,0,0,1,0,0,1,1,0,0,0,1,0,0,1,0,0,0,0,0,0,0,0
marble,0,-2,0,0,0,1,0,0,0,0,0,0,0,0,-2,-2,1,0,0,0,0,0,1,0,0,1,-2,-2,0,0,1,0,0,1,0,0,0,0,1,0,0,0,0,0,0,0,0,0,0,0
mat,0,0,0,0,0,1,0,0,0,0,0,0,0,0,0,0,0,0,0,0,0,0,1,0,0,1,0,0,0,0,0,0,0,-2,0,0,0,0,-2,0,0,0,0,0,0,0,-2,-2,0,0
medal,0,0,0,-2,0,1,0,0,0,1,0,0,-2,0,0,1,1,0,0,0,0,0,1,0,0,1,0,0,0,0,1,0,0,1,0,0,0,0,0,0,0,0,0,0,0,0,0,0,0,0
menu,1,0,0,0,0,1,0,0,0,0,0,0,0,0,0,1,0,0,0,0,0,0,1,0,0,1,0,0,0,0,1,0,0,1,0,0,0,0,0,0,0,0,0,0,0,0,0,1,0,0
microscope,1,0,0,0,0,0,0,0,0,1,0,0,0,1,1,1,1,0,0,0,0,0,1,0,0,1,0,0,0,0,1,0,0,1,0,0,0,0,1,0,0,0,0,0,0,0,0,1,0,0
microwave,0,0,0,0,0,0,0,0,1,1,1,0,0,1,0,0,1,0,0,1,1,1,0,0,0,1,0,1,0,0,1,0,0,1,0,0,0,0,1,0,1,1,1,0,0,0,0,1,0,0
mirror,1,0,0,0,0,1,0,0,0,-2,0,0,1,1,0,-2,1,0,0,-2,0,-2,0,0,0,1,0,0,0,-2,1,0,0,1,0,0,0,0,1,0,0,0,0,0,0,0,0,0,0,0
missile,1,0,0,0,1,0,0,0,0,1,1,1,0,0,0,0,1,0,0,1,1,1,0,0,1,1,0,1,1,0,0,0,0,0,0,0,1,0,0,0,0,0,0,1,0,0,0,1,0,0
mittens,0,0,0,0,0,0,0,0,0,0,0,0,0,0,0,1,0,0,0,0,0,0,1,0,0,1,1,0,0,0,0,0,0,-2,0,0,0,0,1,0,-2,0,1,0,0,0,-2,-2,1,0
mixer,1,0,0,0,1,0,0,0,1,1,1,0,0,0,0,0,1,0,0,0,0,0,1,0,1,1,0,1,0,0,1,0,0,1,0,0,0,0,0,0,1,0,0,0,0,0,0,0,0,0
moose,0,0,1,-1,1,0,0,1,0,0,1,0,-2,0,0,0,0,0,0,1,-2,1,0,0,1,0,0,1,0,0,0,0,1,1,0,1,1,0,0,0,0,1,0,0,0,0,-2,0,0,0
moth,0,0,1,0,0,0,0,0,0,0,-2,1,1,1,0,0,0,0,0,0,0,0,1,0,0,0,0,0,0,0,0,0,0,0,0,0,0,0,0,0,0,0,0,0,0,0,0,0,0,0
motorcycle,0,0,0,0,1,0,0,0,1,1,1,0,0,0,1,0,1,0,0,1,1,1,0,0,1,1,0,1,1,0,1,0,-2,-2,0,0,0,0,0,0,0,0,0,0,0,1,0,-2,0,0
mouse,0,0,1,0,0,0,0,0,0,0,1,0,0,-2,0,0,0,0,0,0,0,0,1,0,0,0,0,1,0,0,0,0,1,-2,-2,0,0,-2,0,0,0,0,0,0,0,0,0,0,0,0
mug,1,0,0,1,0,1,0,0,0,0,0,0,0,1,0,1,1,0,0,0,1,0,1,0,0,1,0,0,0,0,1,0,0,1,0,0,0,0,0,0,0,0,1,0,0,0,1,1,0,0
mushroom,0,0,0,0,0,0,0,1,0,0,0,0,0,1,0,0,0,0,0,0,0,0,1,0,0,0,0,0,0,0,0,1,-2,1,-2,0,0,0,0,0,0,1,0,0,0,0,1,0,0,0
muzzle,0,0,0,0,0,0,0,0,0,0,0,0,0,0,0,0,0,0,0,0,0,0,-2,0,0,1,0,0,0,0,-2,0,0,1,0,0,0,0,0,0,0,0,0,0,0,0,-2,0,0,0
napkin,0,0,0,0,0,1,0,0,0,0,0,0,0,0,0,1,0,0,0,0,0,0,1,0,0,1,0,0,0,0,0,0,0,1,0,0,0,0,1,1,0,1,0,0,0,0,1,0,0,0
necklace,0,0,0,0,0,1,0,0,0,1,0,0,0,-2,-2,0,1,0,0,0,0,0,1,0,0,1,0,0,0,0,1,0,0,-2,0,0,0,0,0,0,0,0,0,0,0,0,0,0,0,0
nectarine,0,0,0,0,0,0,1,1,0,0,0,0,0,1,0,1,0,1,0,0,0,0,1,0,0,0,0,0,0,0,1,0,0,1,1,0,0,0,0,0,0,1,0,0,0,0,0,0,0,0
nightgown,0,0,0,0,0,1,0,0,0,0,0,0,0,0,0,0,0,0,0,0,0,0,1,0,0,1,0,0,0,0,0,0,0,1,0,0,0,0,1,0,0,0,0,0,0,0,0,0,1,0
nylons,0,0,0,0,0,-2,0,0,0,0,0,0,0,0,0,0,0,0,0,0,0,0,1,0,0,1,-2,0,0,0,0,0,0,1,0,0,0,0,0,0,0,0,0,0,0,0,0,0,1,1
octopus,0,0,1,0,1,0,0,1,0,0,1,0,0,0,0,0,0,0,0,0,0,0,-2,1,0,0,0,0,0,0,0,1,1,1,1,1,0,0,0,0,0,-2,0,0,0,0,1,0,0,0
olive,0,0,0,0,0,0,-2,1,0,0,0,0,0,1,0,1,0,0,0,0,0,0,1,0,0,0,-2,0,0,0,1,1,0,1,1,0,0,0,0,0,1,1,0,0,0,0,0,0,0,0
onions,0,0,0,0,0,0,1,1,0,0,0,0,0,0,0,0,1,1,0,0,0,0,1,0,0,0,0,0,0,0,0,0,1,1,0,0,0,0,0,0,0,1,0,0,0,0,1,0,0,0
orange,0,0,0,0,0,0,1,1,0,0,0,0,0,-2,0,1,0,1,0,0,0,0,1,0,0,0,0,0,0,0,-2,0,1,-2,1,0,0,0,1,0,-2,1,0,0,0,0,1,0,0,0
ostrich,0,0,1,0,0,0,0,0,0,0,1,0,0,0,0,0,0,0,0,1,0,1,0,0,1,0,0,1,0,0,0,0,1,0,0,0,1,0,0,0,0,0,0,0,0,0,0,0,0,0
otter,0,0,1,0,-2,0,0,0,0,0,1,0,0,0,0,0,0,0,0,0,0,-2,-2,1,-2,0,0,-2,0,0,0,0,1,-1,0,1,0,0,0,0,0,0,0,0,0,0,1,0,0,0
oven,1,0,0,1,1,0,0,0,1,1,0,0,0,0,0,0,1,0,0,1,1,1,0,0,0,1,0,0,0,0,1,0,0,1,0,0,0,0,0,0,1,0,0,0,0,0,0,1,0,0
owl,0,0,1,-2,0,0,0,0,0,-2,1,1,0,0,-2,0,0,0,0,0,0,-2,-2,0,0,0,0,1,0,-2,0,0,0,0,-2,0,0,0,0,0,0,0,0,0,0,0,0,0,0,0
ox,0,0,1,-2,-2,0,-2,-2,0,0,-2,0,0,0,0,0,0,0,0,1,0,1,0,0,-2,0,-2,-2,0,0,0,0,1,0,0,-2,0,0,0,0,0,0,0,0,0,0,0,0,0,0
paintbrush,1,0,0,0,0,0,0,0,0,0,0,0,0,0,0,1,0,0,0,0,0,0,1,0,0,1,0,0,0,0,0,0,0,1,0,0,0,0,1,0,0,0,0,0,0,0,1,-2,0,0
pajamas,0,0,0,0,0,0,0,0,0,0,0,0,0,0,0,0,0,0,0,0,0,0,1,0,0,1,0,0,0,0,0,0,0,1,0,0,0,0,1,0,0,0,0,0,0,0,0,0,1,0
pan,0,0,0,0,0,0,0,0,0,0,0,0,0,0,0,1,1,0,0,0,1,0,1,0,0,1,0,0,0,0,1,0,0,1,0,0,0,0,0,0,1,0,1,0,0,0,-2,0,0,0
panther,0,0,1,0,1,0,0,0,0,-2,1,0,0,0,0,0,0,0,0,-2,0,-2,0,0,-2,0,0,1,0,0,-2,0,0,1,0,-2,-2,0,0,0,0,0,0,0,0,0,0,0,0,0
pants,0,0,0,0,0,0,0,0,0,0,0,0,0,0,0,0,0,0,0,0,-2,0,-2,0,0,1,-2,0,0,0,0,0,0,1,0,0,0,0,-2,0,0,0,-2,0,0,0,-2,-2,1,0
parka,-2,0,0,0,0,-2,0,0,0,-2,0,0,0,0,0,0,0,0,0,0,0,-2,1,0,0,1,0,0,0,0,0,0,0,1,1,0,0,0,1,0,0,0,0,0,0,0,0,0,1,0
parking_meter,1,0,0,0,0,0,0,0,1,0,0,0,0,0,0,0,1,0,0,1,0,1,0,0,0,1,0,0,0,0,0,0,0,0,0,0,1,0,0,0,0,0,1,0,0,0,0,1,0,0
parsley,0,0,0,0,0,1,1,1,0,0,0,0,0,-2,0,0,0,0,0,0,0,0,1,0,0,0,0,0,0,0,0,0,-2,-2,-2,0,0,0,0,0,0,1,0,0,0,0,-2,0,0,0
peach,0,0,0,0,0,0,1,1,0,0,0,0,0,1,0,1,0,1,0,0,0,0,1,0,0,0,0,0,0,0,0,1,0,1,1,0,0,0,1,0,0,1,0,0,0,0,1,0,0,0
peacock,0,0,1,0,0,1,0,0,0,-2,-1,1,0,0,0,0,0,0,0,0,0,1,1,0,1,0,0,1,0,0,1,0,0,1,0,-2,0,0,0,0,0,0,0,0,0,0,1,0,0,0
pear,0,0,0,0,0,0,1,1,0,0,0,0,0,0,0,1,1,1,0,0,0,0,1,0,0,0,0,0,0,0,-2,0,0,1,-2,0,0,0,-2,0,0,1,0,0,0,0,0,0,0,0
pearl,0,0,0,0,0,1,0,0,0,1,0,0,0,-2,0,-2,1,0,0,0,0,0,1,-2,0,0,-2,0,0,0,1,0,0,1,0,0,0,0,0,0,0,0,0,0,0,0,-2,0,0,0
peas,0,0,0,0,0,0,1,1,0,0,0,0,0,1,0,0,0,1,0,0,1,0,1,0,0,0,-2,0,0,0,0,0,0,1,1,0,0,0,-2,0,0,1,0,0,0,0,0,0,0,0
peg,1,0,0,0,0,0,0,0,0,0,0,0,0,0,0,0,1,0,0,0,0,0,1,0,0,1,0,0,0,0,0,0,0,1,0,0,0,0,0,0,0,0,0,0,0,0,0,0,0,0
pen,1,0,0,0,0,0,0,0,0,0,0,0,0,0,0,1,1,0,0,0,0,0,1,0,0,1,0,0,0,1,0,0,0,1,0,0,0,0,0,0,0,0,0,0,0,0,0,1,0,0
pencil,1,0,0,0,0,0,0,0,0,0,0,0,0,0,0,1,1,0,0,0,0,0,1,0,0,1,0,0,0,1,0,0,0,1,0,0,0,0,1,0,0,0,0,0,0,0,0,1,0,0
penguin,0,0,1,1,0,0,0,0,0,0,0,0,0,-2,0,0,0,0,0,0,0,0,1,-2,0,0,1,1,0,0,-2,0,1,1,0,1,0,0,0,0,0,0,0,0,0,0,1,0,0,0
pepper,0,0,0,0,0,0,1,1,0,0,0,0,0,-2,0,0,0,0,0,0,0,0,1,0,0,0,0,0,0,0,1,0,-2,1,-2,0,0,0,0,0,-2,1,0,0,0,0,-2,0,0,0
person,0,0,-2,1,-2,0,0,0,0,-2,1,0,0,-2,1,0,0,0,0,-2,-2,-2,0,0,1,-2,0,1,0,0,0,0,-2,0,-2,1,1,-2,-2,0,0,0,-2,-2,-2,-2,-2,0,0,0
piano,-2,-2,0,0,0,-2,0,0,-2,1,0,0,0,-2,1,0,1,0,0,1,0,1,0,0,1,1,0,1,0,0,1,0,0,1,0,0,-2,0,-2,0,0,0,0,0,1,0,0,-2,0,0
pickle,0,0,0,-2,0,0,-2,1,0,0,0,0,0,0,0,-2,-2,1,0,0,0,0,1,0,0,-2,0,0,0,0,0,-2,1,1,-2,0,0,0,0,0,0,1,0,0,0,0,1,0,0,0
pie,0,0,0,1,0,0,1,1,0,0,0,0,0,0,0,0,0,0,0,0,1,0,1,0,0,1,0,0,0,0,0,0,0,0,1,0,0,0,0,0,0,1,0,0,0,0,0,0,0,0
pier,0,0,0,0,0,1,0,0,0,0,0,0,0,0,0,0,1,0,0,1,0,1,0,-2,0,1,0,0,0,0,0,-2,-2,-2,0,0,-2,0,-2,0,0,0,-2,0,0,0,1,-2,0,0
pig,0,0,1,1,0,0,1,1,0,0,0,0,0,0,1,0,0,0,0,1,-2,1,0,0,1,0,0,1,0,0,0,0,1,0,0,-2,0,-2,0,0,0,1,0,0,0,0,1,0,0,0
pigeon,0,0,1,0,0,0,0,-2,0,0,1,1,0,0,0,0,0,0,0,0,0,0,1,0,0,0,0,1,0,0,0,0,0,-2,0,0,0,0,0,0,0,0,0,0,0,0,0,0,0,0
pillow,0,0,0,0,0,-2,0,0,0,0,0,0,0,-2,0,0,0,0,0,0,0,-2,1,0,0,1,0,0,0,0,0,0,0,1,1,0,0,0,1,0,0,0,0,0,0,0,0,0,0,0
pin,1,0,0,0,1,0,0,0,0,0,0,0,-2,0,0,1,1,0,0,0,0,0,1,0,0,1,0,0,0,1,1,0,0,-2,0,0,0,0,0,0,0,0,1,0,0,0,0,0,0,0
pineapple,0,0,0,0,0,0,1,1,0,0,0,0,0,0,0,0,1,1,0,0,0,0,1,0,0,0,0,0,0,0,0,-2,-2,0,-2,0,0,0,0,0,0,1,0,0,0,0,0,0,0,0
pistol,1,0,0,0,1,0,0,0,0,1,-2,0,0,0,-2,1,1,0,0,-2,0,0,1,0,1,1,0,1,0,0,1,0,0,1,0,0,0,0,0,0,0,0,0,1,0,0,0,-2,0,0
pizza,0,0,0,1,0,0,1,1,0,0,-2,0,0,0,1,1,0,0,0,-2,1,1,1,0,0,1,-2,0,0,0,0,-2,1,-2,-2,0,0,1,0,0,0,1,0,0,0,0,0,0,0,0
plate,0,0,0,0,0,1,0,0,0,0,0,0,0,1,0,1,1,0,0,0,1,0,1,0,0,1,1,0,0,0,1,0,0,1,0,0,0,0,1,0,0,1,1,0,0,0,0,0,0,0
platypus,0,0,1,0,0,0,0,0,0,0,-2,0,0,0,0,0,0,0,0,0,0,0,-2,1,0,0,0,-2,0,0,0,0,1,0,0,1,0,0,0,0,0,0,0,0,0,0,1,0,0,0
pliers,1,0,0,0,0,0,0,0,0,0,0,0,0,0,0,1,1,0,0,0,0,0,-2,0,0,1,0,-2,0,0,1,0,0,1,0,0,0,0,0,0,0,0,-2,0,0,0,0,0,0,0
plum,0,0,0,0,0,0,1,1,0,0,0,0,0,0,0,1,0,1,0,0,0,0,1,0,0,0,0,0,0,0,-2,0,0,1,0,0,0,0,0,0,0,1,0,0,0,0,0,0,0,0
pony,0,0,1,0,0,0,0,0,0,0,1,0,0,0,0,0,0,0,0,1,0,1,0,0,0,0,0,1,0,0,0,0,1,1,0,0,-2,0,0,0,0,0,-2,0,0,1,-2,0,0,0
porcupine,0,0,1,0,-2,0,0,0,0,0,0,0,0,0,0,0,-2,0,0,0,0,0,1,0,0,0,0,-2,0,1,0,0,1,0,0,-2,0,0,0,0,0,0,0,0,0,0,0,0,0,0
pot,1,0,0,0,0,0,0,0,0,0,0,0,0,0,0,1,1,0,0,0,1,0,1,0,0,1,0,0,0,0,1,0,0,1,0,0,0,0,0,0,1,0,1,0,0,0,1,0,0,0
potato,0,0,0,0,0,0,0,1,0,0,0,0,0,0,0,0,1,1,0,0,-2,0,1,0,0,0,0,0,0,0,0,0,0,1,0,0,0,0,0,0,0,1,0,0,0,0,-2,0,0,0
potted_plant,0,0,0,0,0,1,0,0,0,0,0,0,0,-2,0,0,-2,0,0,0,0,-2,1,0,0,0,0,0,0,0,0,0,-2,1,0,0,0,0,0,0,0,0,0,0,0,0,1,0,0,0
projector,1,0,0,0,0,0,0,0,1,1,0,0,0,-2,1,0,1,0,0,0,0,0,0,0,0,1,0,0,0,0,0,0,0,0,0,0,0,0,0,0,0,0,0,0,0,0,0,-2,0,0
prune,0,0,0,0,0,0,-2,1,0,0,0,0,0,0,0,1,0,0,0,0,0,0,1,0,0,0,0,0,0,0,0,0,0,0,0,0,0,0,0,0,0,1,0,0,0,0,0,0,0,0
pumpkin,0,0,0,0,0,1,0,1,0,0,0,0,0,0,0,0,1,-2,0,1,0,-2,0,0,0,0,0,0,0,0,0,0,-2,1,-2,0,0,0,1,0,0,1,0,0,0,0,0,0,0,0
pyramid,0,0,0,0,0,0,0,0,0,0,0,0,0,0,0,0,1,0,0,1,0,1,0,0,0,1,0,0,0,0,0,0,0,-2,0,0,1,0,0,0,0,0,0,0,0,0,0,-2,0,0
python,0,0,1,0,1,0,0,-2,0,-2,-2,0,0,0,0,0,0,0,0,-2,-2,1,-2,0,0,0,0,1,0,0,-2,-2,0,1,1,1,0,0,0,0,0,0,0,0,0,0,0,0,0,0
rabbit,0,0,1,0,0,0,0,-2,0,0,1,0,0,-2,-2,0,0,0,0,0,0,0,1,0,0,0,0,0,0,0,0,0,0,1,-2,0,0,0,0,0,0,-2,0,0,0,0,-2,0,-2,0
raccoon,0,0,1,0,1,0,0,0,0,0,1,0,0,0,0,0,0,0,0,0,0,0,-2,0,0,0,0,1,0,0,0,0,1,1,0,1,0,0,0,0,0,0,0,0,0,0,-2,0,0,0
racquet,0,-2,0,0,-2,0,0,0,0,-2,0,0,0,0,1,1,1,0,0,0,0,0,1,0,0,1,-2,-2,0,0,0,0,0,-2,0,0,0,0,-2,0,0,0,0,0,0,0,0,-2,0,0
radio,0,0,0,0,0,0,0,0,1,0,0,0,0,0,-2,-2,1,0,0,0,0,0,1,0,1,1,0,1,0,0,0,0,0,1,0,0,0,0,1,0,0,0,0,0,1,0,0,1,0,0
radish,0,0,0,-2,0,0,1,1,0,0,0,0,0,0,0,-2,-2,-2,0,0,0,0,1,0,0,0,0,0,0,0,0,0,-2,1,0,0,0,0,0,0,0,1,0,0,0,0,-2,0,0,0
raft,0,0,0,0,0,0,0,0,0,-2,0,0,0,0,1,0,1,0,0,1,-2,1,-2,-2,0,1,0,0,0,0,-2,0,-2,1,0,0,0,0,-2,0,0,0,1,0,0,1,1,-2,0,0
raisin,0,0,0,0,0,0,0,1,0,0,0,0,0,-2,0,1,0,0,0,0,0,0,1,0,0,0,0,0,0,0,0,0,0,0,-2,0,0,0,-2,0,-2,1,0,0,0,0,0,0,0,0
rake,1,0,0,-2,-2,0,0,0,0,0,0,0,0,0,0,1,1,0,0,0,0,0,1,0,0,1,0,0,0,1,0,0,0,1,0,0,1,0,0,0,0,0,0,0,0,0,0,0,0,0
raspberry,0,0,0,0,0,0,1,1,0,0,0,0,0,0,0,-2,0,0,0,0,0,0,1,0,0,0,-2,0,0,0,-2,0,0,-2,0,0,0,0,1,0,0,1,0,0,0,0,1,0,0,0
rat,0,0,1,0,-2,0,0,0,0,0,1,0,0,0,0,-2,0,0,0,0,0,0,1,0,0,0,0,1,0,0,0,-2,1,-2,-2,-2,0,-2,0,0,0,0,0,0,0,0,0,0,0,0
rattle,0,1,0,0,0,-2,0,0,0,0,0,0,0,0,1,1,1,0,0,0,0,0,1,0,-2,1,0,1,0,0,0,0,0,1,0,0,0,0,1,0,0,0,0,0,1,0,-2,0,0,0
rattlesnake,0,0,1,0,1,0,0,0,0,0,1,0,0,0,0,0,0,0,0,0,0,0,1,0,0,0,0,1,0,0,1,0,0,1,0,0,0,0,0,0,0,0,0,1,0,0,0,0,0,-2
razor,0,0,0,0,1,0,0,0,0,0,0,0,0,0,0,1,1,0,0,0,0,0,1,0,0,1,0,0,0,1,1,0,0,1,0,0,0,0,0,0,0,0,0,0,0,0,1,1,0,0
refrigerator,-2,0,0,1,0,0,0,0,1,1,0,0,0,0,0,0,1,0,1,1,0,1,0,0,0,0,0,1,0,0,1,0,0,1,0,0,1,0,1,0,0,0,1,0,0,0,0,1,0,0
remote,1,0,0,0,0,0,0,0,1,0,0,0,0,0,0,1,1,0,0,0,0,0,1,0,0,1,0,0,0,0,0,0,0,1,0,0,0,0,1,0,0,0,0,0,0,0,0,1,0,0
revolver,-2,0,0,0,1,0,0,0,0,1,-2,0,0,0,-2,1,1,0,0,1,-2,0,1,0,1,1,0,1,0,0,1,0,0,1,0,0,0,0,0,0,0,0,0,1,0,0,0,-2,0,0
rhubarb,0,0,0,0,0,0,1,1,0,0,0,0,0,0,0,0,0,0,0,0,0,0,1,0,0,0,0,0,0,0,0,0,-2,0,0,0,0,0,0,0,-2,1,0,0,0,0,-2,0,0,0
rice,0,0,0,0,0,0,1,1,0,0,0,0,0,-2,0,0,-2,0,0,0,1,0,1,-2,0,0,0,0,0,0,0,0,0,-2,1,0,0,0,0,0,0,1,0,0,0,0,1,0,0,0
rifle,1,0,0,0,1,0,0,0,0,1,0,0,0,0,1,1,1,0,0,1,-2,1,-2,0,1,1,0,1,0,0,1,0,0,1,0,0,0,0,0,0,0,0,0,1,0,0,0,-2,0,0
robe,0,0,0,0,0,-2,0,0,0,-2,0,0,0,0,0,0,0,0,0,0,0,-2,1,0,0,1,0,0,0,0,0,0,0,-2,0,0,0,0,0,0,0,0,0,0,0,0,-2,0,1,0
rock,0,0,0,0,0,1,0,0,0,0,0,0,0,0,0,1,1,0,0,1,-2,0,-2,0,0,0,0,0,0,0,-2,0,0,-2,0,0,0,0,0,0,0,0,0,-2,0,0,-2,0,0,0
rocker,0,0,0,0,0,0,0,0,0,0,0,0,0,0,-2,0,1,0,0,0,0,0,1,0,0,1,0,0,0,0,0,0,0,1,0,0,-2,0,-2,0,0,0,0,0,0,0,0,0,0,0
rocket,0,0,0,0,1,0,0,0,-2,1,1,1,0,0,0,0,1,0,0,1,1,1,0,0,1,1,0,-2,1,0,1,0,0,1,0,0,1,0,0,0,0,0,0,-2,0,1,0,1,0,0
rooster,0,0,1,-2,0,0,-2,1,0,0,0,-2,0,-2,0,0,0,0,0,0,0,0,1,0,1,0,0,1,0,0,0,0,1,0,0,0,0,0,0,0,0,1,0,0,0,0,0,0,0,0
rope,1,0,0,0,0,0,0,0,0,0,0,0,0,0,0,1,0,0,0,0,0,0,-2,0,0,1,0,0,0,0,0,0,0,0,0,0,-2,0,-2,0,0,0,1,0,0,0,-2,0,0,0
ruler,1,0,0,0,0,0,0,0,0,0,0,0,0,0,0,1,1,0,0,0,0,0,1,0,0,1,0,0,0,0,0,0,0,1,0,0,0,0,1,0,0,0,0,0,0,0,0,-2,0,0
sack,-2,0,0,0,0,0,0,0,0,0,0,0,0,0,0,-2,0,0,0,0,0,-2,1,0,0,1,0,0,0,0,0,0,0,0,0,0,0,0,0,0,0,0,1,0,0,0,0,0,0,0
saddle,1,0,0,0,0,0,0,0,0,-2,0,0,0,0,0,0,1,0,0,-2,0,-2,0,0,0,1,0,0,0,0,0,0,1,1,0,0,0,0,1,0,0,0,1,0,0,1,0,0,0,0
sailboat,0,0,0,0,0,-2,0,0,0,1,1,0,0,0,1,0,1,0,0,1,0,1,0,1,0,1,0,0,1,0,0,0,0,-2,0,-2,1,0,0,0,0,0,1,0,0,1,1,1,0,0
salamander,0,0,1,0,0,0,0,0,0,0,1,0,0,0,1,1,0,0,0,0,0,0,1,1,0,0,0,0,0,0,1,1,-2,1,0,1,0,0,0,0,0,0,0,0,0,0,-2,0,0,0
salmon,0,0,1,-2,0,0,1,1,0,-2,1,0,0,0,0,0,0,0,0,0,0,0,1,1,0,0,-2,0,0,0,1,1,1,1,0,1,0,0,0,0,0,1,0,0,0,0,1,0,0,0
sandals,0,0,0,0,0,0,0,0,0,0,0,0,0,0,0,1,0,0,0,0,0,0,1,0,0,1,1,0,0,0,0,0,1,1,0,0,0,0,1,0,0,0,0,0,0,0,0,1,0,1
sandpaper,1,0,0,0,0,0,0,0,0,0,0,0,0,0,0,1,0,0,0,0,0,0,1,0,-2,1,0,1,0,0,0,0,0,0,0,0,0,0,0,0,0,0,0,0,0,0,0,0,0,0
sandwich,0,0,0,0,0,0,1,1,0,0,0,0,0,-2,0,1,0,0,0,0,-2,0,1,0,0,1,0,0,0,0,0,0,0,0,-2,0,0,0,-2,0,0,1,0,0,0,0,0,0,0,0
sardine,0,0,0,1,0,0,0,1,0,0,1,0,0,0,0,1,0,0,0,0,0,0,1,1,0,0,0,0,0,0,0,1,1,1,1,1,0,0,0,0,0,1,0,0,0,0,1,0,0,0
saxophone,0,0,0,-2,0,0,0,0,0,1,0,0,0,-2,1,-2,1,0,0,-2,0,-2,-2,0,1,1,0,1,0,0,1,0,0,1,0,0,0,0,0,0,0,0,0,0,1,0,0,-2,0,0
scarf,0,0,0,0,0,-2,0,0,0,-2,0,0,-2,0,-2,-2,0,0,0,0,0,0,1,0,0,1,0,0,0,0,0,0,0,1,0,0,0,0,0,0,0,0,0,0,0,0,0,0,1,0
scissors,1,0,0,0,1,0,0,0,0,0,0,0,0,0,0,1,1,0,0,0,0,0,1,0,0,1,0,0,0,1,1,0,0,0,0,0,0,0,1,0,0,0,0,0,0,0,0,0,0,0
scooter,0,1,0,0,0,0,0,0,-2,-2,1,0,0,0,1,0,1,0,0,-2,0,-2,-2,0,-2,1,0,1,-2,0,1,0,0,1,0,0,0,0,0,0,0,0,0,0,0,1,-2,-2,0,0
screwdriver,1,0,0,0,0,0,0,0,0,0,0,0,0,0,0,1,-2,0,0,0,0,0,1,0,0,1,0,0,0,1,1,0,0,0,0,0,0,0,0,0,0,0,0,0,0,0,0,1,0,0
screws,-2,0,0,-2,-2,-2,0,0,0,0,0,0,1,0,0,1,1,0,0,-2,0,-2,1,0,0,1,0,0,0,-2,1,0,0,0,0,0,0,0,0,0,0,0,1,0,0,0,0,0,0,0
seagull,0,0,1,-2,0,-2,0,0,0,0,1,1,0,0,0,0,0,0,0,-2,0,0,1,0,1,0,-2,1,0,0,0,0,1,0,0,1,0,0,0,0,0,0,0,0,0,0,0,0,0,0
seal,0,0,1,1,0,0,0,0,0,-2,1,0,0,0,-2,0,0,0,0,1,0,1,0,1,1,0,-2,1,0,0,1,1,1,1,0,1,0,0,0,0,0,0,0,0,0,0,1,0,0,0
seaweed,0,0,0,-2,0,0,-2,1,0,0,0,0,0,0,0,-2,0,0,0,0,0,-2,1,1,0,0,0,0,0,0,0,1,-2,-2,1,0,0,0,0,0,0,-2,0,0,0,0,1,0,0,0
shack,0,0,0,0,0,0,0,0,0,0,0,0,0,0,0,0,1,0,1,1,0,0,0,0,0,1,0,0,0,0,0,0,-2,0,0,0,1,0,-2,0,0,0,1,0,0,0,-2,-2,0,0
shawl,0,0,0,0,0,-2,0,0,0,-2,0,0,0,-2,0,0,0,0,0,0,0,-2,1,0,0,1,0,0,0,0,0,0,0,1,0,0,0,0,0,0,0,0,0,0,0,0,0,0,1,0
shed,0,0,0,-2,-2,0,0,0,0,0,0,0,0,0,0,0,1,0,1,1,-2,1,0,0,0,1,0,0,0,0,0,0,0,-2,0,0,1,0,0,0,0,0,1,0,0,0,-2,-2,0,0
sheep,0,0,1,0,0,0,0,0,0,0,0,0,0,0,0,0,0,0,0,1,0,0,0,0,1,0,0,1,0,0,0,0,1,0,1,0,0,0,0,0,0,0,0,0,0,0,0,0,0,0
shell,0,0,0,0,0,1,0,0,0,0,0,0,0,-2,0,1,1,0,0,0,0,0,1,1,0,0,0,0,0,-2,-2,0,0,-2,0,0,0,0,-2,0,0,0,-2,0,0,0,1,0,0,0
shelves,0,0,0,0,0,1,0,0,0,0,0,0,1,0,0,0,1,0,1,-2,0,-2,0,0,0,1,0,0,0,0,-2,0,0,1,0,0,-2,0,-2,0,0,0,1,0,0,0,0,0,0,0
shield,-2,0,0,0,0,1,0,0,0,-2,0,0,1,0,0,1,1,0,0,1,0,1,0,0,0,1,0,0,0,0,1,0,0,1,0,0,1,0,0,0,0,0,0,0,0,0,0,0,0,0
ship,0,0,0,1,0,0,0,0,-2,1,1,0,0,0,1,0,1,0,-2,1,0,1,0,1,1,1,0,1,1,0,-2,0,0,-2,0,1,1,0,0,0,0,0,1,0,0,1,1,1,0,0
shirt,1,0,0,0,0,1,0,0,0,0,0,0,0,0,0,0,0,0,0,0,0,-2,1,0,0,1,0,0,0,0,0,0,0,1,0,0,0,0,1,0,0,0,0,0,0,0,0,-2,1,0
shoes,0,0,0,0,0,0,0,0,0,0,0,0,0,0,0,0,0,0,0,0,0,0,1,0,0,1,1,0,0,0,0,0,1,1,0,0,0,0,1,0,0,0,0,0,0,1,0,1,1,1
shotgun,1,0,0,0,1,0,0,0,0,-2,1,0,0,0,0,1,1,0,0,0,-2,0,0,0,1,1,0,1,0,0,-2,0,0,-2,0,0,0,0,0,0,0,0,0,1,0,0,0,0,0,0
shovel,1,0,0,0,0,0,0,0,0,0,0,0,0,0,0,1,1,0,0,0,0,0,0,0,0,1,0,0,0,0,0,0,0,1,0,0,1,0,0,0,0,0,0,0,0,0,0,0,0,0
shrimp,0,0,1,0,0,0,1,1,0,0,1,0,0,1,0,1,0,1,0,0,0,0,1,1,0,0,0,0,0,0,1,1,1,1,1,1,0,1,0,0,0,1,0,0,0,0,1,0,0,0
sink,0,0,0,0,0,0,0,0,0,1,0,0,0,0,0,0,1,0,0,1,-2,1,0,0,0,1,0,1,0,0,1,0,-2,1,0,0,0,0,1,1,-2,0,1,0,0,0,1,0,0,0
skateboard,0,1,0,0,-2,0,0,0,0,0,1,0,0,0,1,0,1,0,0,0,0,0,-2,0,0,1,0,-2,0,0,0,0,0,-2,0,0,0,0,1,0,0,0,0,0,0,1,0,-2,0,0
skillet,1,0,0,0,0,0,0,0,0,0,0,0,-2,0,0,1,1,0,0,-2,1,-2,-2,0,0,1,0,0,0,0,-2,0,0,-2,0,0,0,0,0,0,1,0,1,0,0,0,-2,0,0,0
skirt,0,0,0,0,0,1,0,0,0,-2,0,0,0,0,0,0,0,0,0,0,0,0,1,0,0,1,0,0,0,0,0,0,0,0,0,0,0,0,1,0,0,0,0,0,0,0,0,0,1,0
skis,0,0,0,-2,0,0,0,0,0,1,-2,0,0,0,1,0,1,0,0,0,0,0,1,0,0,1,1,0,0,0,-2,0,0,1,0,0,-2,0,1,0,0,0,0,0,0,-2,1,1,0,1
skunk,0,0,1,-2,1,0,0,0,0,0,-2,0,0,0,0,0,0,0,0,0,0,0,1,0,0,0,0,-2,0,0,0,0,1,0,0,-2,0,0,0,0,0,0,0,0,0,0,0,0,0,0
skyscraper,0,0,0,0,0,-2,0,0,1,1,0,0,0,0,0,0,1,0,0,1,-2,1,0,0,0,1,0,0,0,0,1,0,0,1,0,0,1,0,0,0,0,0,-2,0,0,0,-2,-2,0,0
sled,0,0,0,1,1,0,0,0,0,0,1,0,0,0,1,0,1,0,0,0,0,0,-2,0,0,1,0,0,0,0,0,0,0,1,0,0,0,0,1,0,0,0,1,0,0,1,0,-2,0,0
sledgehammer,1,0,0,0,1,0,0,0,0,0,0,0,0,0,0,1,1,0,0,1,0,1,0,0,1,1,0,1,0,0,0,0,0,0,0,0,0,0,0,0,0,0,0,-2,0,0,0,0,0,0
sleigh,0,-2,0,0,0,-2,0,0,0,-2,1,0,0,0,1,0,-2,0,0,-2,0,1,-2,0,0,1,0,0,0,0,-2,0,0,1,0,0,0,0,0,0,0,0,1,0,0,1,-2,1,0,0
slingshot,0,1,0,0,1,0,0,0,0,0,1,0,0,0,1,1,1,0,0,0,0,0,1,0,0,1,0,0,0,0,0,0,0,-2,0,0,0,0,1,0,0,0,0,-2,0,0,0,0,0,0
slippers,0,0,0,0,0,-2,0,0,0,0,0,0,0,0,0,0,0,0,0,0,0,0,1,0,0,1,1,0,0,0,0,0,0,0,1,0,0,0,1,0,0,0,0,0,0,1,0,0,1,1
snail,0,0,1,0,0,0,0,-2,0,0,0,0,0,1,0,0,0,0,0,0,0,0,1,1,0,0,0,0,0,0,0,1,1,0,1,0,0,0,0,0,0,1,0,0,0,0,1,0,0,0
snowboard,0,1,0,1,-2,-2,0,0,0,-2,1,0,0,0,1,0,1,0,0,0,0,1,-2,0,0,1,0,0,0,0,0,0,0,1,0,0,0,0,1,0,0,0,0,0,0,-2,1,1,0,1
socks,0,0,0,0,0,0,0,0,0,0,0,0,0,0,0,0,0,0,0,0,-2,0,1,0,0,1,1,0,0,0,0,0,-2,-2,0,0,0,0,-2,0,0,0,0,0,0,0,0,-2,1,1
sofa,0,0,0,0,0,0,0,0,0,1,0,0,0,0,-2,0,0,0,0,1,0,1,0,0,0,1,0,0,0,0,0,0,0,0,1,0,0,0,1,0,0,0,0,0,0,0,0,0,0,0
spade,1,0,0,0,0,0,0,0,0,0,0,0,0,0,0,0,1,0,0,0,0,0,1,0,0,1,0,0,0,0,0,0,0,1,0,0,-2,0,0,-2,0,0,0,0,0,0,0,0,0,0
spatula,1,0,0,0,0,0,0,0,0,0,0,0,0,0,0,1,1,0,0,0,0,0,1,0,0,1,0,0,0,0,0,0,0,1,0,0,0,0,0,0,1,0,1,0,0,0,1,0,0,0
spear,1,0,0,0,1,0,0,0,0,0,0,0,0,0,0,1,1,0,0,1,0,1,1,0,0,1,0,0,0,1,1,0,0,1,0,0,1,0,0,0,0,0,0,1,0,0,0,0,0,0
spider,0,0,1,0,1,0,0,0,0,0,0,0,1,-2,0,0,0,0,0,0,0,0,1,0,0,0,0,0,0,0,0,0,0,-2,1,0,0,0,0,0,0,0,0,0,0,0,0,0,0,0
spinach,0,0,0,-2,0,0,1,1,0,0,0,0,0,-2,0,-2,0,0,0,0,-2,0,1,0,0,0,0,0,0,0,0,0,0,-2,-2,0,0,0,-2,0,1,1,0,0,0,0,0,0,0,0
spoon,1,0,0,1,0,0,0,0,0,0,0,0,0,0,0,1,1,0,0,0,0,0,1,0,0,1,-2,0,0,0,1,0,0,1,0,0,0,0,-2,0,1,-2,-2,0,0,0,0,0,0,0
sports_ball,0,1,0,0,0,0,0,0,0,0,1,0,0,0,1,1,1,0,0,0,0,0,1,0,0,1,0,1,0,0,0,0,0,1,0,0,0,0,1,0,0,0,0,0,0,0,0,1,0,0
squid,0,0,1,0,1,0,0,1,0,1,0,0,0,1,0,0,0,0,0,0,0,1,1,1,0,0,0,0,0,0,1,1,1,1,1,1,1,0,0,0,0,1,0,0,0,0,1,0,0,0
squirrel,0,0,1,0,0,0,0,0,0,0,1,0,0,0,-2,0,0,0,0,0,-2,0,1,0,-2,0,0,1,0,0,0,0,-2,0,0,0,0,-2,0,0,0,0,0,0,0,0,0,0,0,0
stereo,0,0,0,0,0,0,0,0,1,1,0,0,1,0,1,0,1,0,0,0,0,0,0,0,1,1,0,1,0,0,0,0,0,1,0,0,0,0,0,0,0,0,0,0,1,0,0,1,0,0
stick,1,0,0,0,0,0,0,0,0,0,0,0,0,-2,0,1,1,0,0,0,-2,0,1,0,0,0,0,0,0,0,0,0,0,-2,0,0,-2,0,1,0,0,0,0,0,-2,0,1,0,0,0
stone,0,0,0,1,0,1,0,0,0,0,0,0,0,0,0,0,1,0,0,1,0,1,1,0,0,0,0,0,0,0,0,0,0,1,0,0,0,0,0,0,0,0,0,0,0,0,1,0,0,0
stop_sign,0,0,0,1,0,0,0,0,0,0,0,0,0,0,0,0,-2,0,0,-2,0,0,0,0,0,1,-2,0,0,0,1,0,0,1,0,0,1,0,0,0,0,0,0,0,0,-2,-2,1,0,0
stove,1,0,0,0,1,0,0,0,1,1,0,0,0,0,0,0,1,0,1,1,1,1,0,0,0,1,0,0,-2,0,-2,0,0,1,0,0,0,0,0,0,1,-2,1,0,0,0,0,-2,-2,0
strainer,1,0,0,0,0,0,0,0,0,0,0,0,0,0,0,1,-2,0,0,0,0,0,1,0,0,1,0,0,0,0,-2,0,0,0,0,0,0,0,0,0,1,0,0,0,0,0,-2,0,0,0
strawberry,0,0,0,0,0,0,1,1,0,0,0,0,0,0,0,-2,0,0,0,0,0,0,1,0,0,0,0,0,0,0,1,0,0,1,-2,0,0,0,-2,0,0,1,0,0,0,0,0,0,0,0
submarine,-2,-2,0,0,1,0,0,0,1,1,1,0,0,0,0,0,1,0,-2,1,-2,1,0,1,-2,1,0,-2,-2,0,-2,0,0,1,0,1,1,0,0,0,0,0,-2,-2,0,1,1,-2,0,0
subway,0,0,0,-2,0,0,0,0,1,1,1,0,0,0,0,0,1,0,0,1,0,1,0,0,1,1,0,1,-2,0,-2,0,-2,-2,0,0,-2,0,0,0,0,0,0,0,0,1,0,1,0,0
suitcase,1,0,0,0,0,0,0,0,0,1,0,0,0,0,0,0,-2,0,0,1,0,1,-2,0,0,1,0,0,0,0,0,0,0,-2,0,0,0,0,0,0,0,0,1,0,0,-2,0,0,0,0
surfboard,0,0,0,0,1,0,0,0,0,1,1,0,0,0,1,0,1,0,0,1,0,1,1,-2,0,1,0,0,0,0,1,0,0,1,0,0,1,0,-2,0,0,0,0,0,0,1,1,-2,0,0
swan,0,0,1,0,0,0,0,0,0,0,0,1,0,0,0,0,0,0,0,0,0,1,0,1,0,0,0,1,0,0,0,0,1,1,0,1,0,0,0,0,0,0,0,0,0,0,1,0,0,0
sweater,0,0,0,-2,0,0,0,0,0,0,0,0,0,0,0,0,0,0,0,0,0,0,1,0,0,1,0,0,0,0,0,0,0,-2,0,0,0,0,-2,0,0,0,0,0,0,0,0,-2,1,0
swimsuit,0,0,0,0,0,-2,0,0,0,0,0,0,0,0,-2,0,0,0,0,0,0,0,1,0,0,1,0,0,0,0,0,0,0,1,0,0,0,0,1,0,0,0,0,0,0,0,1,0,0,0
sword,1,0,0,0,1,0,0,0,0,1,0,0,-2,0,1,1,1,0,0,1,0,1,0,0,0,1,0,0,0,1,1,0,0,1,0,0,0,0,0,0,0,0,0,1,0,0,0,0,0,0
table,-2,0,0,0,0,-2,0,0,0,0,0,0,0,0,0,0,1,0,0,1,0,1,0,0,0,1,0,0,0,0,1,0,0,1,0,0,0,0,0,0,0,1,1,0,0,0,0,0,0,0
tack,1,0,0,0,1,0,0,0,0,0,0,0,1,0,0,1,1,0,0,0,0,0,1,0,0,1,1,0,0,1,1,0,0,-2,0,0,0,0,-2,0,0,0,1,0,0,0,0,0,0,0
tangerine,0,0,0,0,0,0,1,1,0,0,0,0,0,0,0,1,0,1,0,0,0,0,1,0,0,0,0,0,0,0,-2,0,0,1,-2,0,0,0,0,0,0,1,0,0,0,0,-2,0,0,0
taxi,1,0,0,0,0,0,0,0,0,-2,1,0,0,0,0,0,1,0,0,1,-2,1,0,0,1,1,0,1,1,0,1,0,0,-2,0,0,0,0,0,0,0,0,0,0,0,1,0,1,0,0
teddy_bear,0,1,-2,0,0,1,0,0,0,0,0,0,0,0,1,1,0,0,0,0,0,0,1,0,0,1,0,0,0,0,0,0,0,-2,1,0,0,0,1,0,0,0,0,0,0,0,0,0,0,0
telephone,0,0,0,0,0,0,0,0,0,0,0,0,1,-2,0,1,1,0,0,0,-2,0,1,0,1,1,0,1,0,0,1,0,0,1,0,0,0,0,-2,0,0,0,0,0,-2,0,0,1,0,0
tennis_racket,0,1,0,0,0,0,0,0,0,0,0,0,0,0,1,1,0,0,0,0,0,0,1,0,0,1,0,0,0,0,0,0,0,0,0,0,0,0,-2,0,0,0,0,0,0,0,0,-2,0,0
tent,-2,0,0,0,0,0,0,0,0,1,0,0,0,1,-2,0,0,0,0,-2,1,-2,1,0,0,1,0,0,0,0,-2,0,-2,1,-2,0,-2,0,1,0,0,0,-2,0,0,0,1,-2,1,0
thermometer,1,0,0,1,0,0,0,0,0,0,0,0,0,-2,0,1,1,0,0,0,0,0,1,0,0,1,0,0,0,0,0,0,0,1,0,0,0,0,-2,0,-2,0,0,0,0,0,0,1,0,0
thimble,1,0,0,0,0,0,0,0,0,0,0,0,0,0,0,1,1,0,0,0,0,0,-2,0,0,-2,0,0,0,0,1,0,0,-2,0,0,0,0,0,0,0,0,0,0,0,0,0,0,0,0
tie,0,0,0,0,0,1,0,0,0,0,0,0,0,-2,0,0,0,0,0,0,0,0,1,0,0,1,0,0,0,0,0,0,0,1,0,0,0,0,0,0,0,0,0,0,0,0,0,-2,0,0
tiger,0,0,1,0,1,0,0,0,0,-2,1,0,0,0,0,0,0,0,0,1,0,1,0,0,1,0,0,1,0,0,0,0,1,0,0,1,0,0,0,0,0,0,0,0,0,0,1,0,0,0
toad,0,0,1,0,0,0,0,0,0,0,-2,0,0,0,0,-2,0,0,0,0,0,0,1,1,-2,0,0,1,0,0,-2,1,1,-2,1,1,0,0,0,0,0,0,0,0,0,0,1,0,0,0
toaster,1,0,0,0,0,-2,0,0,1,0,0,0,0,0,0,0,1,0,0,0,1,0,-2,0,0,1,0,-2,0,0,1,0,0,-2,0,0,0,0,-2,0,1,0,-2,0,0,0,0,1,0,0
toilet,1,0,0,1,0,0,0,0,0,-2,-2,0,0,0,0,0,1,0,0,1,0,-2,0,0,1,1,0,1,0,0,1,0,1,1,0,0,0,0,1,0,0,0,0,0,0,0,1,0,0,0
tomahawk,1,0,0,0,1,0,0,0,0,-2,0,0,0,0,-2,1,1,0,0,0,0,0,-2,0,0,1,0,0,0,1,1,0,0,1,0,0,0,0,0,0,0,0,0,-2,0,0,0,0,0,0
tomato,0,0,0,0,0,0,1,1,0,0,0,0,0,-2,0,1,0,1,0,0,0,0,1,0,0,0,0,0,0,0,1,-2,0,1,1,0,0,0,-2,0,-2,1,0,0,0,0,0,0,0,0
tongs,1,0,0,0,0,0,0,0,0,0,0,0,-2,0,0,1,-2,0,0,0,0,0,1,0,0,1,-2,-2,0,0,1,0,0,1,0,0,0,0,0,0,1,0,1,0,0,0,-2,0,0,0
toothbrush,1,0,0,0,0,0,0,0,0,0,0,0,0,0,0,1,1,0,0,0,0,0,1,0,0,1,0,0,0,0,0,0,1,0,0,0,0,0,1,1,0,0,0,0,0,0,1,0,0,0
tortoise,0,0,1,-1,0,0,0,0,0,-2,0,0,0,0,0,0,1,0,0,0,0,0,0,-2,0,0,0,0,0,0,0,1,1,1,0,1,0,0,0,0,0,0,0,0,0,0,1,0,0,0
toy,0,1,0,0,0,0,0,0,0,-2,0,0,0,0,1,1,1,0,0,0,0,0,1,0,-2,1,0,-2,0,0,1,0,0,1,-1,0,0,0,1,0,0,0,0,0,0,0,-1,0,0,0
tractor,1,0,0,0,-2,0,0,0,0,1,0,0,0,0,0,0,1,0,0,1,0,1,0,0,1,1,0,1,1,0,1,0,0,0,0,0,1,0,0,0,0,0,0,0,0,1,0,0,0,0
traffic_light,1,0,0,0,0,0,0,0,1,1,0,0,0,0,0,0,1,0,0,1,0,1,0,0,0,1,1,0,0,0,1,0,0,1,0,0,1,0,0,0,0,0,0,0,0,0,-2,0,0,0
trailer,0,0,0,0,0,0,0,0,1,1,0,0,0,0,0,0,1,0,0,1,-2,1,0,0,0,1,0,0,0,0,-2,0,0,-2,0,0,1,0,0,0,0,0,1,0,0,1,-2,-2,0,0
train,0,-2,0,0,-2,0,0,0,1,1,1,0,0,0,1,0,-2,0,0,1,1,1,0,0,1,1,0,1,0,0,-2,0,-2,1,0,0,1,0,0,0,0,0,1,0,0,1,-2,1,0,0
tray,-2,0,0,0,0,0,0,0,0,0,0,0,0,0,0,1,1,0,0,0,0,0,1,0,0,1,0,0,0,0,-2,0,0,1,0,0,0,0,1,0,0,1,1,0,0,0,0,0,0,0
tree,0,0,0,-2,0,-2,0,0,0,0,0,0,0,0,0,0,1,0,0,1,0,1,0,0,0,0,-2,-2,0,0,0,0,0,0,0,0,1,0,0,0,-2,0,0,0,0,0,-2,0,0,0
tricycle,0,1,0,0,0,0,0,0,0,0,0,0,0,0,1,0,1,0,0,0,0,0,0,0,0,1,0,-2,0,0,1,0,0,1,0,0,0,0,1,0,0,0,0,0,0,1,0,1,0,0
tripod,1,0,0,0,0,0,0,0,0,1,0,0,0,0,0,0,1,0,0,0,0,1,1,0,0,1,0,0,0,0,0,0,0,1,0,0,1,0,0,0,0,0,1,0,0,0,0,0,0,0
trolley,-2,-2,0,0,-2,-2,0,0,1,1,-2,0,0,0,-2,0,1,0,0,1,0,1,0,0,-2,1,0,1,-2,0,-2,0,0,-2,0,0,1,0,0,0,0,0,1,0,0,1,-2,-2,0,0
trombone,0,-2,0,0,0,0,0,0,0,1,0,0,0,0,1,1,1,0,0,-2,0,1,1,0,1,1,0,1,0,0,1,0,0,1,0,0,0,0,0,0,0,0,0,0,1,0,0,0,0,0
trout,0,0,1,0,0,0,1,1,0,0,1,0,0,0,0,0,0,0,0,0,0,1,1,1,0,0,0,0,0,0,-2,1,1,1,-2,1,0,0,0,0,0,1,0,0,0,0,1,0,0,0
truck,0,0,0,1,1,0,0,0,-2,1,1,0,0,0,0,0,1,0,0,1,1,1,0,0,1,1,0,1,1,0,1,0,0,1,0,0,1,0,0,0,0,0,1,0,0,1,-2,1,0,0
trumpet,0,0,0,1,0,0,0,0,0,1,0,0,0,0,1,1,1,0,0,0,0,0,-2,0,1,1,0,1,0,0,1,0,0,1,0,0,0,0,-2,0,0,0,0,0,1,0,0,-2,0,0
tuba,0,0,0,0,0,0,0,0,0,1,0,0,0,0,1,1,1,0,0,1,0,1,0,0,1,1,0,1,0,0,1,0,0,1,0,0,0,0,0,0,0,0,0,0,1,0,0,1,0,0
tuna,0,0,1,0,0,0,1,1,0,0,1,0,0,0,0,0,0,0,0,1,0,1,-2,1,0,0,0,0,0,0,-2,1,1,-2,-2,1,0,0,0,0,0,1,0,0,0,0,1,0,0,0
turkey,0,0,1,0,0,0,0,1,0,0,0,0,0,0,0,0,0,0,0,0,0,0,0,0,0,0,0,1,0,0,0,0,0,0,1,0,0,0,0,0,0,1,0,0,0,0,0,0,0,0
turnip,0,0,0,-2,0,0,1,1,0,0,0,0,0,0,0,-2,1,1,0,0,0,0,1,0,0,0,0,0,0,0,0,0,0,1,0,0,0,0,0,0,0,1,0,0,0,0,0,0,0,0
turtle,0,0,1,0,0,0,0,0,0,0,0,0,0,0,0,0,1,0,0,0,0,0,0,1,0,0,0,0,0,0,0,0,-2,1,0,1,0,0,0,0,0,0,0,0,0,0,1,0,0,0
tv,0,0,0,0,0,0,0,0,1,1,0,0,1,1,1,0,1,0,0,1,-2,1,-2,0,1,1,0,1,0,0,1,0,0,1,0,0,0,0,1,0,0,0,0,0,0,0,0,1,0,0
typewriter,-2,0,0,0,0,0,0,0,0,1,-2,0,0,0,0,0,1,0,0,-2,0,0,0,0,1,1,0,1,0,0,0,0,0,-2,0,0,0,0,0,0,0,0,0,0,0,0,0,-2,0,0
umbrella,-2,0,0,0,0,0,0,0,0,0,0,0,0,1,0,1,-2,0,0,0,0,0,1,0,0,0,0,-2,0,0,0,0,0,1,0,0,1,0,1,0,0,0,0,0,0,0,1,0,0,0
unicycle,0,1,0,0,0,0,0,0,0,-2,-2,0,0,0,1,0,1,0,0,-2,0,-2,1,0,0,1,0,-2,0,0,1,0,0,1,0,0,0,0,0,0,0,0,0,0,0,1,0,1,0,0
urn,0,0,0,0,0,1,0,0,0,-2,0,0,0,1,0,0,1,0,0,-2,0,0,1,0,0,1,0,0,0,0,1,0,0,1,0,0,0,0,0,0,0,0,1,0,0,0,0,-2,0,0
van,0,0,0,-2,0,0,0,0,-2,1,1,0,0,0,-2,0,1,0,0,1,1,1,0,0,-2,1,0,1,1,0,1,0,0,1,0,0,1,0,0,0,0,0,1,0,0,1,-2,1,0,0
vase,1,0,0,0,0,1,0,0,0,0,0,0,0,1,0,1,1,0,0,0,0,0,1,0,0,1,0,0,0,0,1,0,0,1,0,0,-2,0,0,0,0,0,1,0,0,0,-2,0,0,0
veil,0,0,0,0,0,-2,0,0,0,-2,0,0,0,-2,0,0,0,0,0,0,0,0,1,0,0,1,0,0,0,0,0,0,0,1,0,0,0,0,0,0,0,0,0,0,0,0,0,0,-2,0
vest,0,0,0,0,0,-2,0,0,0,-2,0,0,0,0,-2,1,0,0,0,0,0,0,1,0,0,1,-2,0,0,0,0,0,0,-2,0,0,0,0,0,0,0,0,0,0,0,0,0,0,1,0
vine,0,0,0,0,0,0,0,0,0,0,0,0,1,-2,0,0,0,0,0,0,0,0,-2,0,0,0,0,0,0,0,0,0,0,1,0,0,-2,0,0,0,0,0,0,0,0,0,-2,0,0,0
violin,1,0,0,0,0,0,0,0,0,1,0,0,0,-2,1,1,1,0,0,0,0,0,1,0,1,1,0,1,0,0,-2,0,0,1,0,0,0,0,-2,0,0,0,0,0,1,0,0,0,0,0
wagon,0,0,0,0,0,0,0,0,0,0,0,0,0,0,0,0,1,0,0,1,0,1,0,0,0,1,0,0,0,0,-2,0,0,0,0,0,-2,0,1,0,0,0,1,0,0,1,1,-2,0,0
wall,0,0,0,0,0,0,0,0,0,0,0,0,1,0,0,0,1,0,1,1,0,1,0,0,0,1,0,0,0,0,0,0,0,1,0,0,1,0,0,0,0,0,0,0,0,0,0,1,0,0
walnut,0,0,0,0,0,0,1,1,0,0,0,0,0,0,0,1,1,-2,0,0,0,0,1,0,0,0,-2,0,0,0,0,0,0,0,0,0,0,0,0,0,0,1,0,0,0,0,0,0,0,0
walrus,0,0,1,1,1,0,0,0,0,0,0,0,0,0,0,0,0,0,0,1,0,1,0,1,1,0,-2,1,0,0,0,1,1,1,1,1,0,1,0,0,0,0,0,0,0,0,1,0,0,0
wand,0,1,0,0,0,1,0,0,0,0,0,0,0,0,1,1,1,0,0,0,0,0,1,0,0,1,0,0,0,0,1,0,0,1,0,0,0,0,1,0,0,0,0,0,0,0,0,0,0,0
wasp,0,0,1,0,1,0,0,0,0,0,1,1,0,1,0,0,0,0,0,0,0,0,1,0,0,0,0,1,0,1,0,0,0,0,0,0,0,0,0,0,0,0,0,0,0,0,0,0,0,0
whale,0,0,1,0,-2,0,0,-2,0,0,-2,0,0,0,0,0,0,0,0,1,0,1,0,1,0,0,0,1,0,0,0,1,1,1,0,1,1,0,0,0,0,0,0,0,0,0,1,0,0,0
wheel,-2,0,0,0,0,0,0,0,0,-2,-2,0,0,0,-2,0,0,0,0,-2,1,-2,0,0,0,1,-2,0,0,0,1,0,0,1,0,0,0,0,0,0,0,0,0,0,0,1,1,1,0,0
wheelbarrow,1,0,0,0,0,0,0,0,0,0,0,0,0,0,0,-2,1,0,0,1,0,0,0,0,0,1,0,-2,0,0,-2,0,0,1,0,0,0,0,0,0,0,0,1,0,0,-2,0,-2,0,0
whip,1,0,0,0,1,0,0,0,0,0,1,0,0,0,0,1,0,0,0,0,0,1,-2,0,1,1,0,1,0,0,0,0,0,1,0,0,0,0,0,0,0,0,0,-2,0,0,0,0,0,0
whistle,1,1,0,0,0,0,0,0,0,0,0,0,0,0,-2,1,1,0,0,0,0,0,1,0,1,1,0,1,0,0,1,0,0,1,0,0,0,0,1,0,0,0,0,0,1,0,1,0,0,0
wine_glass,0,0,0,0,0,0,0,0,0,0,0,0,0,1,0,1,1,0,0,0,0,0,1,0,0,1,0,0,0,0,1,0,0,1,0,0,1,0,0,0,0,0,1,0,0,0,1,0,0,0
woodpecker,0,0,1,0,0,0,0,0,0,0,1,1,0,-2,0,0,0,0,0,0,0,0,1,0,1,0,0,1,0,0,0,0,0,-2,0,0,0,0,0,0,0,0,0,0,0,0,0,0,0,0
worm,0,0,-2,0,0,0,0,0,0,0,0,0,0,1,0,0,0,0,0,0,0,0,1,0,0,0,0,0,0,0,-2,1,1,1,1,0,0,0,0,0,0,0,0,0,0,0,1,0,0,0
wrench,1,0,0,0,0,0,0,0,0,0,0,0,0,0,0,1,1,0,0,-2,0,0,1,0,0,1,0,-2,0,0,1,0,0,0,0,0,0,0,0,0,0,0,0,0,0,0,0,0,0,0
yacht,0,0,0,-2,1,1,0,0,1,1,1,0,0,0,1,0,1,0,1,1,-2,1,0,1,1,1,0,1,1,0,1,-2,-2,1,0,1,1,0,0,0,0,0,1,0,0,1,1,1,0,0
yam,0,0,0,0,0,0,-2,1,0,0,0,0,0,0,0,0,-2,1,0,0,-2,0,1,0,0,0,0,0,0,0,0,-2,0,1,1,0,0,0,0,0,0,1,0,0,0,0,0,0,0,0
zebra,0,0,1,0,0,0,0,0,0,0,1,0,0,0,0,0,0,0,0,1,0,1,0,0,0,0,0,1,0,0,0,0,1,-2,0,0,-2,0,0,0,0,0,0,0,0,0,1,0,0,0
zucchini,0,0,0,0,0,0,1,1,0,0,0,0,0,-2,0,1,-2,1,0,0,-2,0,1,0,0,0,0,0,0,0,-2,0,0,1,-2,0,0,0,0,0,0,1,0,0,0,0,0,0,0,0
